Initialized native services in: /home/runner/.gradle/native
Initialized jansi services in: /home/runner/.gradle/native
Received JVM installation metadata from '/usr/lib/jvm/temurin-17-jdk-amd64': {JAVA_HOME=/usr/lib/jvm/temurin-17-jdk-amd64, JAVA_VERSION=17.0.20.1, JAVA_VENDOR=Eclipse Adoptium, RUNTIME_NAME=OpenJDK Runtime Environment, RUNTIME_VERSION=17.0.20.1+1, VM_NAME=OpenJDK 64-Bit Server VM, VM_VERSION=17.0.20.1+1, VM_VENDOR=Eclipse Adoptium, OS_ARCH=amd64}
Checking if the launcher JVM can be re-used for build. To be re-used, the launcher JVM needs to match the parameters required for the build process: --add-opens=java.base/java.util=ALL-UNNAMED --add-opens=java.base/java.lang=ALL-UNNAMED --add-opens=java.base/java.lang.invoke=ALL-UNNAMED --add-opens=java.prefs/java.util.prefs=ALL-UNNAMED --add-opens=java.base/java.nio.charset=ALL-UNNAMED --add-opens=java.base/java.net=ALL-UNNAMED --add-opens=java.base/java.util.concurrent.atomic=ALL-UNNAMED -Xmx2048m -Dfile.encoding=UTF-8 -Duser.country -Duser.language=en -Duser.variant
To honour the JVM settings for this build a single-use Daemon process will be forked. For more on this, please refer to https://docs.gradle.org/8.6/userguide/gradle_daemon.html#sec:disabling_the_daemon in the Gradle documentation.
Starting process 'Gradle build daemon'. Working directory: /home/runner/.gradle/daemon/8.6 Command: /usr/lib/jvm/temurin-17-jdk-amd64/bin/java --add-opens=java.base/java.util=ALL-UNNAMED --add-opens=java.base/java.lang=ALL-UNNAMED --add-opens=java.base/java.lang.invoke=ALL-UNNAMED --add-opens=java.prefs/java.util.prefs=ALL-UNNAMED --add-opens=java.base/java.nio.charset=ALL-UNNAMED --add-opens=java.base/java.net=ALL-UNNAMED --add-opens=java.base/java.util.concurrent.atomic=ALL-UNNAMED -Xmx2048m -Dfile.encoding=UTF-8 -Duser.country -Duser.language=en -Duser.variant -cp /home/runner/.gradle/wrapper/dists/gradle-8.6-bin/afr5mpiioh2wthjmwnkmdsd5w/gradle-8.6/lib/gradle-launcher-8.6.jar -javaagent:/home/runner/.gradle/wrapper/dists/gradle-8.6-bin/afr5mpiioh2wthjmwnkmdsd5w/gradle-8.6/lib/agents/gradle-instrumentation-agent-8.6.jar org.gradle.launcher.daemon.bootstrap.GradleDaemon 8.6
Successfully started process 'Gradle build daemon'
An attempt to start the daemon took 0.976 secs.
The client will now receive all logging from the daemon (pid: 2792). The daemon log file: /home/runner/.gradle/daemon/8.6/daemon-2792.out.log
Closing daemon's stdin at end of input.
The daemon will no longer process any standard input.
Daemon will be stopped at the end of the build 
Using 4 worker leases.
Received JVM installation metadata from '/usr/lib/jvm/temurin-17-jdk-amd64': {JAVA_HOME=/usr/lib/jvm/temurin-17-jdk-amd64, JAVA_VERSION=17.0.20.1, JAVA_VENDOR=Eclipse Adoptium, RUNTIME_NAME=OpenJDK Runtime Environment, RUNTIME_VERSION=17.0.20.1+1, VM_NAME=OpenJDK 64-Bit Server VM, VM_VERSION=17.0.20.1+1, VM_VENDOR=Eclipse Adoptium, OS_ARCH=amd64}
Watching the file system is configured to be enabled if available
Now considering [/home/runner/work/Android-virtual-cam/Android-virtual-cam] as hierarchies to watch
File system watching is active
Starting Build
Settings evaluated using settings file '/home/runner/work/Android-virtual-cam/Android-virtual-cam/settings.gradle.kts'.
Projects loaded. Root project using build file '/home/runner/work/Android-virtual-cam/Android-virtual-cam/build.gradle.kts'.
Included projects: [root project 'Android Virtual Cam', project ':app']

> Configure project :
Evaluating root project 'Android Virtual Cam' using build file '/home/runner/work/Android-virtual-cam/Android-virtual-cam/build.gradle.kts'.
Transforming gradle-8.2.2.jar (com.android.tools.build:gradle:8.2.2) with ExternalDependencyInstrumentingArtifactTransform
Transforming builder-8.2.2.jar (com.android.tools.build:builder:8.2.2) with ExternalDependencyInstrumentingArtifactTransform
Transforming gradle-settings-api-8.2.2.jar (com.android.tools.build:gradle-settings-api:8.2.2) with ExternalDependencyInstrumentingArtifactTransform
Transforming lint-model-31.2.2.jar (com.android.tools.lint:lint-model:31.2.2) with ExternalDependencyInstrumentingArtifactTransform
Transforming manifest-merger-31.2.2.jar (com.android.tools.build:manifest-merger:31.2.2) with ExternalDependencyInstrumentingArtifactTransform
Transforming sdk-common-31.2.2.jar (com.android.tools:sdk-common:31.2.2) with ExternalDependencyInstrumentingArtifactTransform
Transforming sdklib-31.2.2.jar (com.android.tools:sdklib:31.2.2) with ExternalDependencyInstrumentingArtifactTransform
Transforming repository-31.2.2.jar (com.android.tools:repository:31.2.2) with ExternalDependencyInstrumentingArtifactTransform
Transforming aaptcompiler-8.2.2.jar (com.android.tools.build:aaptcompiler:8.2.2) with ExternalDependencyInstrumentingArtifactTransform
Transforming tracker-31.2.2.jar (com.android.tools.analytics-library:tracker:31.2.2) with ExternalDependencyInstrumentingArtifactTransform
Transforming shared-31.2.2.jar (com.android.tools.analytics-library:shared:31.2.2) with ExternalDependencyInstrumentingArtifactTransform
Transforming databinding-compiler-common-8.2.2.jar (androidx.databinding:databinding-compiler-common:8.2.2) with ExternalDependencyInstrumentingArtifactTransform
Transforming android-test-plugin-host-emulator-control-proto-31.2.2.jar (com.android.tools.utp:android-test-plugin-host-emulator-control-proto:31.2.2) with ExternalDependencyInstrumentingArtifactTransform
Transforming android-test-plugin-host-retention-proto-31.2.2.jar (com.android.tools.utp:android-test-plugin-host-retention-proto:31.2.2) with ExternalDependencyInstrumentingArtifactTransform
Transforming builder-model-8.2.2.jar (com.android.tools.build:builder-model:8.2.2) with ExternalDependencyInstrumentingArtifactTransform
Transforming gradle-api-8.2.2.jar (com.android.tools.build:gradle-api:8.2.2) with ExternalDependencyInstrumentingArtifactTransform
Transforming builder-test-api-8.2.2.jar (com.android.tools.build:builder-test-api:8.2.2) with ExternalDependencyInstrumentingArtifactTransform
Transforming ddmlib-31.2.2.jar (com.android.tools.ddms:ddmlib:31.2.2) with ExternalDependencyInstrumentingArtifactTransform
Transforming layoutlib-api-31.2.2.jar (com.android.tools.layoutlib:layoutlib-api:31.2.2) with ExternalDependencyInstrumentingArtifactTransform
Transforming dvlib-31.2.2.jar (com.android.tools:dvlib:31.2.2) with ExternalDependencyInstrumentingArtifactTransform
Transforming common-31.2.2.jar (com.android.tools:common:31.2.2) with ExternalDependencyInstrumentingArtifactTransform
Transforming kotlin-stdlib-jdk8-1.9.0.jar (org.jetbrains.kotlin:kotlin-stdlib-jdk8:1.9.0) with ExternalDependencyInstrumentingArtifactTransform
Transforming jetifier-processor-1.0.0-beta10.jar (com.android.tools.build.jetifier:jetifier-processor:1.0.0-beta10) with ExternalDependencyInstrumentingArtifactTransform
Transforming jetifier-core-1.0.0-beta10.jar (com.android.tools.build.jetifier:jetifier-core:1.0.0-beta10) with ExternalDependencyInstrumentingArtifactTransform
Transforming kotlin-reflect-1.9.20.jar (org.jetbrains.kotlin:kotlin-reflect:1.9.20) with ExternalDependencyInstrumentingArtifactTransform
Transforming kotlin-stdlib-jdk7-1.9.0.jar (org.jetbrains.kotlin:kotlin-stdlib-jdk7:1.9.0) with ExternalDependencyInstrumentingArtifactTransform
Transforming kotlin-stdlib-1.9.20.jar (org.jetbrains.kotlin:kotlin-stdlib:1.9.20) with ExternalDependencyInstrumentingArtifactTransform
Transforming annotations-13.0.jar (org.jetbrains:annotations:13.0) with ExternalDependencyInstrumentingArtifactTransform
Transforming kotlin-serialization-1.9.22-gradle82.jar (org.jetbrains.kotlin:kotlin-serialization:1.9.22) with ExternalDependencyInstrumentingArtifactTransform
Transforming kotlin-gradle-plugin-model-1.9.22.jar (org.jetbrains.kotlin:kotlin-gradle-plugin-model:1.9.22) with ExternalDependencyInstrumentingArtifactTransform
Transforming kotlin-gradle-plugin-api-1.9.22.jar (org.jetbrains.kotlin:kotlin-gradle-plugin-api:1.9.22) with ExternalDependencyInstrumentingArtifactTransform
Transforming kotlin-gradle-plugin-api-1.9.22-gradle82.jar (org.jetbrains.kotlin:kotlin-gradle-plugin-api:1.9.22) with ExternalDependencyInstrumentingArtifactTransform
Transforming kotlin-gradle-plugin-1.9.22-gradle82.jar (org.jetbrains.kotlin:kotlin-gradle-plugin:1.9.22) with ExternalDependencyInstrumentingArtifactTransform
Transforming bundletool-1.15.2.jar (com.android.tools.build:bundletool:1.15.2) with ExternalDependencyInstrumentingArtifactTransform
Transforming aapt2-proto-8.2.2-10154469.jar (com.android.tools.build:aapt2-proto:8.2.2-10154469) with ExternalDependencyInstrumentingArtifactTransform
Transforming crash-31.2.2.jar (com.android.tools.analytics-library:crash:31.2.2) with ExternalDependencyInstrumentingArtifactTransform
Transforming lint-typedef-remover-31.2.2.jar (com.android.tools.lint:lint-typedef-remover:31.2.2) with ExternalDependencyInstrumentingArtifactTransform
Transforming databinding-common-8.2.2.jar (androidx.databinding:databinding-common:8.2.2) with ExternalDependencyInstrumentingArtifactTransform
Transforming baseLibrary-8.2.2.jar (com.android.databinding:baseLibrary:8.2.2) with ExternalDependencyInstrumentingArtifactTransform
Transforming android-device-provider-ddmlib-proto-31.2.2.jar (com.android.tools.utp:android-device-provider-ddmlib-proto:31.2.2) with ExternalDependencyInstrumentingArtifactTransform
Transforming android-device-provider-gradle-proto-31.2.2.jar (com.android.tools.utp:android-device-provider-gradle-proto:31.2.2) with ExternalDependencyInstrumentingArtifactTransform
Transforming android-test-plugin-host-additional-test-output-proto-31.2.2.jar (com.android.tools.utp:android-test-plugin-host-additional-test-output-proto:31.2.2) with ExternalDependencyInstrumentingArtifactTransform
Transforming android-test-plugin-host-coverage-proto-31.2.2.jar (com.android.tools.utp:android-test-plugin-host-coverage-proto:31.2.2) with ExternalDependencyInstrumentingArtifactTransform
Transforming android-test-plugin-host-logcat-proto-31.2.2.jar (com.android.tools.utp:android-test-plugin-host-logcat-proto:31.2.2) with ExternalDependencyInstrumentingArtifactTransform
Transforming android-test-plugin-host-apk-installer-proto-31.2.2.jar (com.android.tools.utp:android-test-plugin-host-apk-installer-proto:31.2.2) with ExternalDependencyInstrumentingArtifactTransform
Transforming android-test-plugin-result-listener-gradle-proto-31.2.2.jar (com.android.tools.utp:android-test-plugin-result-listener-gradle-proto:31.2.2) with ExternalDependencyInstrumentingArtifactTransform
Transforming transform-api-2.0.0-deprecated-use-gradle-api.jar (com.android.tools.build:transform-api:2.0.0-deprecated-use-gradle-api) with ExternalDependencyInstrumentingArtifactTransform
Transforming httpmime-4.5.6.jar (org.apache.httpcomponents:httpmime:4.5.6) with ExternalDependencyInstrumentingArtifactTransform
Transforming commons-io-2.4.jar (commons-io:commons-io:2.4) with ExternalDependencyInstrumentingArtifactTransform
Transforming asm-commons-9.2.jar (org.ow2.asm:asm-commons:9.2) with ExternalDependencyInstrumentingArtifactTransform
Transforming asm-util-9.2.jar (org.ow2.asm:asm-util:9.2) with ExternalDependencyInstrumentingArtifactTransform
Transforming asm-analysis-9.2.jar (org.ow2.asm:asm-analysis:9.2) with ExternalDependencyInstrumentingArtifactTransform
Transforming asm-tree-9.2.jar (org.ow2.asm:asm-tree:9.2) with ExternalDependencyInstrumentingArtifactTransform
Transforming asm-9.2.jar (org.ow2.asm:asm:9.2) with ExternalDependencyInstrumentingArtifactTransform
Transforming apkzlib-8.2.2.jar (com.android.tools.build:apkzlib:8.2.2) with ExternalDependencyInstrumentingArtifactTransform
Transforming bcpkix-jdk15on-1.67.jar (org.bouncycastle:bcpkix-jdk15on:1.67) with ExternalDependencyInstrumentingArtifactTransform
Transforming jaxb-runtime-2.3.2.jar (org.glassfish.jaxb:jaxb-runtime:2.3.2) with ExternalDependencyInstrumentingArtifactTransform
Transforming jopt-simple-4.9.jar (net.sf.jopt-simple:jopt-simple:4.9) with ExternalDependencyInstrumentingArtifactTransform
Transforming javapoet-1.10.0.jar (com.squareup:javapoet:1.10.0) with ExternalDependencyInstrumentingArtifactTransform
Transforming protobuf-java-util-3.19.3.jar (com.google.protobuf:protobuf-java-util:3.19.3) with ExternalDependencyInstrumentingArtifactTransform
Transforming grpc-protobuf-1.45.1.jar (io.grpc:grpc-protobuf:1.45.1) with ExternalDependencyInstrumentingArtifactTransform
Transforming tink-1.7.0.jar (com.google.crypto.tink:tink:1.7.0) with ExternalDependencyInstrumentingArtifactTransform
Transforming protos-31.2.2.jar (com.android.tools.analytics-library:protos:31.2.2) with ExternalDependencyInstrumentingArtifactTransform
Transforming proto-google-common-protos-2.0.1.jar (com.google.api.grpc:proto-google-common-protos:2.0.1) with ExternalDependencyInstrumentingArtifactTransform
Transforming protobuf-java-3.19.3.jar (com.google.protobuf:protobuf-java:3.19.3) with ExternalDependencyInstrumentingArtifactTransform
Transforming grpc-netty-1.45.1.jar (io.grpc:grpc-netty:1.45.1) with ExternalDependencyInstrumentingArtifactTransform
Transforming grpc-core-1.45.1.jar (io.grpc:grpc-core:1.45.1) with ExternalDependencyInstrumentingArtifactTransform
Transforming gson-2.10.jar (com.google.code.gson:gson:2.10) with ExternalDependencyInstrumentingArtifactTransform
Transforming grpc-stub-1.45.1.jar (io.grpc:grpc-stub:1.45.1) with ExternalDependencyInstrumentingArtifactTransform
Transforming core-proto-0.0.8-alpha08.jar (com.google.testing.platform:core-proto:0.0.8-alpha08) with ExternalDependencyInstrumentingArtifactTransform
Transforming tensorflow-lite-metadata-0.1.0-rc2.jar (org.tensorflow:tensorflow-lite-metadata:0.1.0-rc2) with ExternalDependencyInstrumentingArtifactTransform
Transforming flatbuffers-java-1.12.0.jar (com.google.flatbuffers:flatbuffers-java:1.12.0) with ExternalDependencyInstrumentingArtifactTransform
Transforming kotlin-gradle-plugin-idea-proto-1.9.22.jar (org.jetbrains.kotlin:kotlin-gradle-plugin-idea-proto:1.9.22) with ExternalDependencyInstrumentingArtifactTransform
Transforming kotlin-gradle-plugin-idea-1.9.22.jar (org.jetbrains.kotlin:kotlin-gradle-plugin-idea:1.9.22) with ExternalDependencyInstrumentingArtifactTransform
Transforming kotlin-native-utils-1.9.22.jar (org.jetbrains.kotlin:kotlin-native-utils:1.9.22) with ExternalDependencyInstrumentingArtifactTransform
Transforming kotlin-klib-commonizer-api-1.9.22.jar (org.jetbrains.kotlin:kotlin-klib-commonizer-api:1.9.22) with ExternalDependencyInstrumentingArtifactTransform
Transforming kotlin-util-klib-1.9.22.jar (org.jetbrains.kotlin:kotlin-util-klib:1.9.22) with ExternalDependencyInstrumentingArtifactTransform
Transforming kotlin-build-tools-api-1.9.22.jar (org.jetbrains.kotlin:kotlin-build-tools-api:1.9.22) with ExternalDependencyInstrumentingArtifactTransform
Transforming kotlin-android-extensions-1.9.22.jar (org.jetbrains.kotlin:kotlin-android-extensions:1.9.22) with ExternalDependencyInstrumentingArtifactTransform
Transforming kotlin-compiler-runner-1.9.22.jar (org.jetbrains.kotlin:kotlin-compiler-runner:1.9.22) with ExternalDependencyInstrumentingArtifactTransform
Transforming kotlin-compiler-embeddable-1.9.22.jar (org.jetbrains.kotlin:kotlin-compiler-embeddable:1.9.22) with ExternalDependencyInstrumentingArtifactTransform
Transforming kotlin-scripting-compiler-embeddable-1.9.22.jar (org.jetbrains.kotlin:kotlin-scripting-compiler-embeddable:1.9.22) with ExternalDependencyInstrumentingArtifactTransform
Transforming kotlin-scripting-compiler-impl-embeddable-1.9.22.jar (org.jetbrains.kotlin:kotlin-scripting-compiler-impl-embeddable:1.9.22) with ExternalDependencyInstrumentingArtifactTransform
Transforming jimfs-1.1.jar (com.google.jimfs:jimfs:1.1) with ExternalDependencyInstrumentingArtifactTransform
Transforming grpc-protobuf-lite-1.45.1.jar (io.grpc:grpc-protobuf-lite:1.45.1) with ExternalDependencyInstrumentingArtifactTransform
Transforming grpc-api-1.45.1.jar (io.grpc:grpc-api:1.45.1) with ExternalDependencyInstrumentingArtifactTransform
Transforming guava-31.1-jre.jar (com.google.guava:guava:31.1-jre) with ExternalDependencyInstrumentingArtifactTransform
Transforming dagger-2.28.3.jar (com.google.dagger:dagger:2.28.3) with ExternalDependencyInstrumentingArtifactTransform
Transforming javax.inject-1.jar (javax.inject:javax.inject:1) with ExternalDependencyInstrumentingArtifactTransform
Transforming kxml2-2.3.0.jar (net.sf.kxml:kxml2:2.3.0) with ExternalDependencyInstrumentingArtifactTransform
Transforming bcprov-jdk15on-1.67.jar (org.bouncycastle:bcprov-jdk15on:1.67) with ExternalDependencyInstrumentingArtifactTransform
Transforming trove4j-1.0.20200330.jar (org.jetbrains.intellij.deps:trove4j:1.0.20200330) with ExternalDependencyInstrumentingArtifactTransform
Transforming xercesImpl-2.12.0.jar (xerces:xercesImpl:2.12.0) with ExternalDependencyInstrumentingArtifactTransform
Transforming commons-compress-1.21.jar (org.apache.commons:commons-compress:1.21) with ExternalDependencyInstrumentingArtifactTransform
Transforming httpclient-4.5.14.jar (org.apache.httpcomponents:httpclient:4.5.14) with ExternalDependencyInstrumentingArtifactTransform
Transforming httpcore-4.4.16.jar (org.apache.httpcomponents:httpcore:4.4.16) with ExternalDependencyInstrumentingArtifactTransform
Transforming javax.activation-1.2.0.jar (com.sun.activation:javax.activation:1.2.0) with ExternalDependencyInstrumentingArtifactTransform
Transforming signflinger-8.2.2.jar (com.android:signflinger:8.2.2) with ExternalDependencyInstrumentingArtifactTransform
Transforming zipflinger-8.2.2.jar (com.android:zipflinger:8.2.2) with ExternalDependencyInstrumentingArtifactTransform
Transforming annotations-31.2.2.jar (com.android.tools:annotations:31.2.2) with ExternalDependencyInstrumentingArtifactTransform
Transforming jna-platform-5.6.0.jar (net.java.dev.jna:jna-platform:5.6.0) with ExternalDependencyInstrumentingArtifactTransform
Transforming juniversalchardet-1.0.3.jar (com.googlecode.juniversalchardet:juniversalchardet:1.0.3) with ExternalDependencyInstrumentingArtifactTransform
Transforming javax.annotation-api-1.3.2.jar (javax.annotation:javax.annotation-api:1.3.2) with ExternalDependencyInstrumentingArtifactTransform
Transforming stax-ex-1.8.1.jar (org.jvnet.staxex:stax-ex:1.8.1) with ExternalDependencyInstrumentingArtifactTransform
Transforming jakarta.xml.bind-api-2.3.2.jar (jakarta.xml.bind:jakarta.xml.bind-api:2.3.2) with ExternalDependencyInstrumentingArtifactTransform
Transforming txw2-2.3.2.jar (org.glassfish.jaxb:txw2:2.3.2) with ExternalDependencyInstrumentingArtifactTransform
Transforming istack-commons-runtime-3.0.8.jar (com.sun.istack:istack-commons-runtime:3.0.8) with ExternalDependencyInstrumentingArtifactTransform
Transforming FastInfoset-1.2.16.jar (com.sun.xml.fastinfoset:FastInfoset:1.2.16) with ExternalDependencyInstrumentingArtifactTransform
Transforming jakarta.activation-api-1.2.1.jar (jakarta.activation:jakarta.activation-api:1.2.1) with ExternalDependencyInstrumentingArtifactTransform
Transforming auto-value-annotations-1.6.2.jar (com.google.auto.value:auto-value-annotations:1.6.2) with ExternalDependencyInstrumentingArtifactTransform
Transforming error_prone_annotations-2.11.0.jar (com.google.errorprone:error_prone_annotations:2.11.0) with ExternalDependencyInstrumentingArtifactTransform
Transforming jose4j-0.7.0.jar (org.bitbucket.b_c:jose4j:0.7.0) with ExternalDependencyInstrumentingArtifactTransform
Transforming slf4j-api-1.7.30.jar (org.slf4j:slf4j-api:1.7.30) with ExternalDependencyInstrumentingArtifactTransform
Transforming jdom2-2.0.6.jar (org.jdom:jdom2:2.0.6) with ExternalDependencyInstrumentingArtifactTransform
Transforming j2objc-annotations-1.3.jar (com.google.j2objc:j2objc-annotations:1.3) with ExternalDependencyInstrumentingArtifactTransform
Transforming jsr305-3.0.2.jar (com.google.code.findbugs:jsr305:3.0.2) with ExternalDependencyInstrumentingArtifactTransform
Transforming annotations-4.1.1.4.jar (com.google.android:annotations:4.1.1.4) with ExternalDependencyInstrumentingArtifactTransform
Transforming animal-sniffer-annotations-1.19.jar (org.codehaus.mojo:animal-sniffer-annotations:1.19) with ExternalDependencyInstrumentingArtifactTransform
Transforming perfmark-api-0.23.0.jar (io.perfmark:perfmark-api:0.23.0) with ExternalDependencyInstrumentingArtifactTransform
Transforming netty-codec-http2-4.1.72.Final.jar (io.netty:netty-codec-http2:4.1.72.Final) with ExternalDependencyInstrumentingArtifactTransform
Transforming netty-handler-proxy-4.1.72.Final.jar (io.netty:netty-handler-proxy:4.1.72.Final) with ExternalDependencyInstrumentingArtifactTransform
Transforming commons-codec-1.11.jar (commons-codec:commons-codec:1.11) with ExternalDependencyInstrumentingArtifactTransform
Transforming checker-qual-3.12.0.jar (org.checkerframework:checker-qual:3.12.0) with ExternalDependencyInstrumentingArtifactTransform
Transforming apksig-8.2.2.jar (com.android.tools.build:apksig:8.2.2) with ExternalDependencyInstrumentingArtifactTransform
Transforming javawriter-2.5.0.jar (com.squareup:javawriter:2.5.0) with ExternalDependencyInstrumentingArtifactTransform
Transforming kotlin-gradle-plugin-annotations-1.9.22.jar (org.jetbrains.kotlin:kotlin-gradle-plugin-annotations:1.9.22) with ExternalDependencyInstrumentingArtifactTransform
Transforming kotlin-project-model-1.9.22.jar (org.jetbrains.kotlin:kotlin-project-model:1.9.22) with ExternalDependencyInstrumentingArtifactTransform
Transforming kotlin-tooling-core-1.9.22.jar (org.jetbrains.kotlin:kotlin-tooling-core:1.9.22) with ExternalDependencyInstrumentingArtifactTransform
Transforming kotlin-util-io-1.9.22.jar (org.jetbrains.kotlin:kotlin-util-io:1.9.22) with ExternalDependencyInstrumentingArtifactTransform
Transforming kotlin-daemon-embeddable-1.9.22.jar (org.jetbrains.kotlin:kotlin-daemon-embeddable:1.9.22) with ExternalDependencyInstrumentingArtifactTransform
Transforming kotlin-daemon-client-1.9.22.jar (org.jetbrains.kotlin:kotlin-daemon-client:1.9.22) with ExternalDependencyInstrumentingArtifactTransform
Transforming kotlinx-coroutines-core-jvm-1.5.0.jar (org.jetbrains.kotlinx:kotlinx-coroutines-core-jvm:1.5.0) with ExternalDependencyInstrumentingArtifactTransform
Transforming kotlin-scripting-jvm-1.9.22.jar (org.jetbrains.kotlin:kotlin-scripting-jvm:1.9.22) with ExternalDependencyInstrumentingArtifactTransform
Transforming kotlin-scripting-common-1.9.22.jar (org.jetbrains.kotlin:kotlin-scripting-common:1.9.22) with ExternalDependencyInstrumentingArtifactTransform
Transforming failureaccess-1.0.1.jar (com.google.guava:failureaccess:1.0.1) with ExternalDependencyInstrumentingArtifactTransform
Transforming listenablefuture-9999.0-empty-to-avoid-conflict-with-guava.jar (com.google.guava:listenablefuture:9999.0-empty-to-avoid-conflict-with-guava) with ExternalDependencyInstrumentingArtifactTransform
Transforming xml-apis-1.4.01.jar (xml-apis:xml-apis:1.4.01) with ExternalDependencyInstrumentingArtifactTransform
Transforming commons-logging-1.2.jar (commons-logging:commons-logging:1.2) with ExternalDependencyInstrumentingArtifactTransform
Transforming jna-5.6.0.jar (net.java.dev.jna:jna:5.6.0) with ExternalDependencyInstrumentingArtifactTransform
Transforming grpc-context-1.45.1.jar (io.grpc:grpc-context:1.45.1) with ExternalDependencyInstrumentingArtifactTransform
Transforming netty-codec-http-4.1.72.Final.jar (io.netty:netty-codec-http:4.1.72.Final) with ExternalDependencyInstrumentingArtifactTransform
Transforming netty-handler-4.1.72.Final.jar (io.netty:netty-handler:4.1.72.Final) with ExternalDependencyInstrumentingArtifactTransform
Transforming netty-codec-socks-4.1.72.Final.jar (io.netty:netty-codec-socks:4.1.72.Final) with ExternalDependencyInstrumentingArtifactTransform
Transforming netty-codec-4.1.72.Final.jar (io.netty:netty-codec:4.1.72.Final) with ExternalDependencyInstrumentingArtifactTransform
Transforming netty-transport-4.1.72.Final.jar (io.netty:netty-transport:4.1.72.Final) with ExternalDependencyInstrumentingArtifactTransform
Transforming netty-buffer-4.1.72.Final.jar (io.netty:netty-buffer:4.1.72.Final) with ExternalDependencyInstrumentingArtifactTransform
Transforming netty-resolver-4.1.72.Final.jar (io.netty:netty-resolver:4.1.72.Final) with ExternalDependencyInstrumentingArtifactTransform
Transforming netty-common-4.1.72.Final.jar (io.netty:netty-common:4.1.72.Final) with ExternalDependencyInstrumentingArtifactTransform
Transforming netty-tcnative-classes-2.0.46.Final.jar (io.netty:netty-tcnative-classes:2.0.46.Final) with ExternalDependencyInstrumentingArtifactTransform

> Configure project :app
Evaluating project ':app' using build file '/home/runner/work/Android-virtual-cam/Android-virtual-cam/app/build.gradle.kts'.
Using default execution profile
Using Kotlin Gradle Plugin gradle82 variant
C/C++: android.ndkVersion from module build.gradle is [25.1.8937393]
C/C++: android.ndkPath from module build.gradle is not set
C/C++: ndk.dir in local.properties is not set
C/C++: Not considering ANDROID_NDK_HOME because support was removed after deprecation period.
C/C++: sdkFolder is /usr/local/lib/android/sdk
C/C++: android.ndkVersion from module build.gradle is [25.1.8937393]
C/C++: android.ndkPath from module build.gradle is not set
C/C++: ndk.dir in local.properties is not set
C/C++: Not considering ANDROID_NDK_HOME because support was removed after deprecation period.
C/C++: sdkFolder is /usr/local/lib/android/sdk
C/C++: android.ndkVersion from module build.gradle is [25.1.8937393]
C/C++: android.ndkPath from module build.gradle is not set
C/C++: ndk.dir in local.properties is not set
C/C++: Not considering ANDROID_NDK_HOME because support was removed after deprecation period.
C/C++: sdkFolder is /usr/local/lib/android/sdk
C/C++: android.ndkVersion from module build.gradle is [25.1.8937393]
C/C++: android.ndkPath from module build.gradle is not set
C/C++: ndk.dir in local.properties is not set
C/C++: Not considering ANDROID_NDK_HOME because support was removed after deprecation period.
C/C++: sdkFolder is /usr/local/lib/android/sdk
C/C++: android.ndkVersion from module build.gradle is [25.1.8937393]
C/C++: android.ndkPath from module build.gradle is not set
C/C++: ndk.dir in local.properties is not set
C/C++: Not considering ANDROID_NDK_HOME because support was removed after deprecation period.
C/C++: sdkFolder is /usr/local/lib/android/sdk
C/C++: android.ndkVersion from module build.gradle is [25.1.8937393]
C/C++: android.ndkPath from module build.gradle is not set
C/C++: ndk.dir in local.properties is not set
C/C++: Not considering ANDROID_NDK_HOME because support was removed after deprecation period.
C/C++: sdkFolder is /usr/local/lib/android/sdk
C/C++: android.ndkVersion from module build.gradle is [25.1.8937393]
C/C++: android.ndkPath from module build.gradle is not set
C/C++: ndk.dir in local.properties is not set
C/C++: Not considering ANDROID_NDK_HOME because support was removed after deprecation period.
C/C++: sdkFolder is /usr/local/lib/android/sdk
C/C++: android.ndkVersion from module build.gradle is [25.1.8937393]
C/C++: android.ndkPath from module build.gradle is not set
C/C++: ndk.dir in local.properties is not set
C/C++: Not considering ANDROID_NDK_HOME because support was removed after deprecation period.
C/C++: sdkFolder is /usr/local/lib/android/sdk
C/C++: android.ndkVersion from module build.gradle is [25.1.8937393]
C/C++: android.ndkPath from module build.gradle is not set
C/C++: ndk.dir in local.properties is not set
C/C++: Not considering ANDROID_NDK_HOME because support was removed after deprecation period.
C/C++: sdkFolder is /usr/local/lib/android/sdk
C/C++: android.ndkVersion from module build.gradle is [25.1.8937393]
C/C++: android.ndkPath from module build.gradle is not set
C/C++: ndk.dir in local.properties is not set
C/C++: Not considering ANDROID_NDK_HOME because support was removed after deprecation period.
C/C++: sdkFolder is /usr/local/lib/android/sdk
C/C++: android.ndkVersion from module build.gradle is [25.1.8937393]
C/C++: android.ndkPath from module build.gradle is not set
C/C++: ndk.dir in local.properties is not set
C/C++: Not considering ANDROID_NDK_HOME because support was removed after deprecation period.
C/C++: sdkFolder is /usr/local/lib/android/sdk
All projects evaluated.
Task path ':app:checkDebugDuplicateClasses' matched project ':app'
Task name matched 'checkDebugDuplicateClasses'
Selected primary task 'checkDebugDuplicateClasses' from project :app
Tasks to be executed: [task ':app:preBuild', task ':app:preDebugBuild', task ':app:checkDebugDuplicateClasses']
Tasks that were excluded: []
Resolve mutations for :app:preBuild (Thread[Execution worker,5,main]) started.
:app:preBuild (Thread[included builds,5,main]) started.

> Task :app:preBuild UP-TO-DATE
Skipping task ':app:preBuild' as it has no actions.
Resolve mutations for :app:preDebugBuild (Thread[included builds,5,main]) started.
:app:preDebugBuild (Thread[included builds,5,main]) started.

> Task :app:preDebugBuild UP-TO-DATE
Skipping task ':app:preDebugBuild' as it has no actions.
Resolve mutations for :app:checkDebugDuplicateClasses (Thread[Execution worker Thread 2,5,main]) started.
:app:checkDebugDuplicateClasses (Thread[Execution worker Thread 2,5,main]) started.

> Task :app:checkDebugDuplicateClasses
Downloading https://dl.google.com/dl/android/maven2/androidx/compose/compose-bom/2024.02.00/compose-bom-2024.02.00.pom to /home/runner/.gradle/.tmp/gradle_download4531766010575490084bin
Downloading https://dl.google.com/dl/android/maven2/androidx/core/core-ktx/1.12.0/core-ktx-1.12.0.pom to /home/runner/.gradle/.tmp/gradle_download362326588189195196bin
Downloading https://dl.google.com/dl/android/maven2/androidx/activity/activity-compose/1.8.2/activity-compose-1.8.2.pom to /home/runner/.gradle/.tmp/gradle_download430947864691073109bin
Resource missing. [HTTP GET: https://dl.google.com/dl/android/maven2/org/jetbrains/kotlin/kotlin-stdlib/1.9.22/kotlin-stdlib-1.9.22.pom]
Downloading https://dl.google.com/dl/android/maven2/androidx/lifecycle/lifecycle-runtime-ktx/2.7.0/lifecycle-runtime-ktx-2.7.0.pom to /home/runner/.gradle/.tmp/gradle_download1706267078293231119bin
Downloading https://dl.google.com/dl/android/maven2/androidx/core/core-ktx/1.12.0/core-ktx-1.12.0.module to /home/runner/.gradle/.tmp/gradle_download10009980244551962230bin
Downloading https://dl.google.com/dl/android/maven2/androidx/activity/activity-compose/1.8.2/activity-compose-1.8.2.module to /home/runner/.gradle/.tmp/gradle_download8782226016082331214bin
Downloading https://dl.google.com/dl/android/maven2/androidx/navigation/navigation-compose/2.7.6/navigation-compose-2.7.6.pom to /home/runner/.gradle/.tmp/gradle_download4143092599102569388bin
Downloading https://dl.google.com/dl/android/maven2/androidx/navigation/navigation-compose/2.7.6/navigation-compose-2.7.6.module to /home/runner/.gradle/.tmp/gradle_download16782338087599354225bin
Downloading https://repo.maven.apache.org/maven2/org/jetbrains/kotlin/kotlin-stdlib/1.9.22/kotlin-stdlib-1.9.22.pom to /home/runner/.gradle/.tmp/gradle_download15563343172583074421bin
Downloading https://dl.google.com/dl/android/maven2/androidx/lifecycle/lifecycle-runtime-ktx/2.7.0/lifecycle-runtime-ktx-2.7.0.module to /home/runner/.gradle/.tmp/gradle_download16355592424325950462bin
Downloading https://dl.google.com/dl/android/maven2/androidx/lifecycle/lifecycle-viewmodel-compose/2.7.0/lifecycle-viewmodel-compose-2.7.0.pom to /home/runner/.gradle/.tmp/gradle_download2930066611670095297bin
Downloading https://repo.maven.apache.org/maven2/org/jetbrains/kotlin/kotlin-stdlib/1.9.22/kotlin-stdlib-1.9.22.module to /home/runner/.gradle/.tmp/gradle_download6550165422916869562bin
Downloading https://dl.google.com/dl/android/maven2/androidx/camera/camera-camera2/1.3.1/camera-camera2-1.3.1.pom to /home/runner/.gradle/.tmp/gradle_download9958268424806109452bin
Downloading https://dl.google.com/dl/android/maven2/androidx/camera/camera-core/1.3.1/camera-core-1.3.1.pom to /home/runner/.gradle/.tmp/gradle_download761191829499235458bin
Downloading https://dl.google.com/dl/android/maven2/androidx/lifecycle/lifecycle-viewmodel-compose/2.7.0/lifecycle-viewmodel-compose-2.7.0.module to /home/runner/.gradle/.tmp/gradle_download9622034235571900046bin
Downloading https://dl.google.com/dl/android/maven2/androidx/camera/camera-core/1.3.1/camera-core-1.3.1.module to /home/runner/.gradle/.tmp/gradle_download3749816479190334216bin
Downloading https://dl.google.com/dl/android/maven2/androidx/camera/camera-view/1.3.1/camera-view-1.3.1.pom to /home/runner/.gradle/.tmp/gradle_download16049860783557389405bin
Downloading https://dl.google.com/dl/android/maven2/androidx/camera/camera-video/1.3.1/camera-video-1.3.1.pom to /home/runner/.gradle/.tmp/gradle_download15269420585921410265bin
Downloading https://dl.google.com/dl/android/maven2/androidx/camera/camera-camera2/1.3.1/camera-camera2-1.3.1.module to /home/runner/.gradle/.tmp/gradle_download2660952010125740163bin
Downloading https://dl.google.com/dl/android/maven2/androidx/camera/camera-view/1.3.1/camera-view-1.3.1.module to /home/runner/.gradle/.tmp/gradle_download16169877741923176067bin
Downloading https://dl.google.com/dl/android/maven2/androidx/media3/media3-exoplayer/1.2.0/media3-exoplayer-1.2.0.pom to /home/runner/.gradle/.tmp/gradle_download9526514263866535461bin
Downloading https://dl.google.com/dl/android/maven2/androidx/media3/media3-ui/1.2.0/media3-ui-1.2.0.pom to /home/runner/.gradle/.tmp/gradle_download17611964297188509983bin
Downloading https://dl.google.com/dl/android/maven2/androidx/media3/media3-exoplayer/1.2.0/media3-exoplayer-1.2.0.module to /home/runner/.gradle/.tmp/gradle_download17588079076848631091bin
Downloading https://dl.google.com/dl/android/maven2/androidx/camera/camera-lifecycle/1.3.1/camera-lifecycle-1.3.1.pom to /home/runner/.gradle/.tmp/gradle_download17171955368476586000bin
Downloading https://dl.google.com/dl/android/maven2/androidx/camera/camera-video/1.3.1/camera-video-1.3.1.module to /home/runner/.gradle/.tmp/gradle_download3555970283546657805bin
Downloading https://dl.google.com/dl/android/maven2/androidx/camera/camera-lifecycle/1.3.1/camera-lifecycle-1.3.1.module to /home/runner/.gradle/.tmp/gradle_download1617341180394679055bin
Downloading https://dl.google.com/dl/android/maven2/androidx/datastore/datastore-preferences/1.0.0/datastore-preferences-1.0.0.pom to /home/runner/.gradle/.tmp/gradle_download11172261209628796741bin
Downloading https://dl.google.com/dl/android/maven2/androidx/media3/media3-ui/1.2.0/media3-ui-1.2.0.module to /home/runner/.gradle/.tmp/gradle_download2254572449233370002bin
Resource missing. [HTTP GET: https://dl.google.com/dl/android/maven2/org/jetbrains/kotlinx/kotlinx-serialization-json/1.6.2/kotlinx-serialization-json-1.6.2.pom]
Resource missing. [HTTP GET: https://dl.google.com/dl/android/maven2/org/jetbrains/kotlinx/kotlinx-coroutines-guava/1.7.3/kotlinx-coroutines-guava-1.7.3.pom]
Downloading https://dl.google.com/dl/android/maven2/androidx/datastore/datastore-preferences/1.0.0/datastore-preferences-1.0.0.module to /home/runner/.gradle/.tmp/gradle_download7529804294415759216bin
Downloading https://repo.maven.apache.org/maven2/org/jetbrains/kotlinx/kotlinx-serialization-json/1.6.2/kotlinx-serialization-json-1.6.2.pom to /home/runner/.gradle/.tmp/gradle_download16708234579538138477bin
Resource missing. [HTTP GET: https://dl.google.com/dl/android/maven2/com/google/accompanist/accompanist-permissions/0.32.0/accompanist-permissions-0.32.0.pom]
Downloading https://repo.maven.apache.org/maven2/org/jetbrains/kotlinx/kotlinx-coroutines-guava/1.7.3/kotlinx-coroutines-guava-1.7.3.pom to /home/runner/.gradle/.tmp/gradle_download4605109864761109155bin
Resource missing. [HTTP GET: https://dl.google.com/dl/android/maven2/org/jetbrains/kotlinx/kotlinx-serialization-bom/1.6.2/kotlinx-serialization-bom-1.6.2.pom]
Downloading https://repo.maven.apache.org/maven2/com/google/accompanist/accompanist-permissions/0.32.0/accompanist-permissions-0.32.0.pom to /home/runner/.gradle/.tmp/gradle_download11701963559318324376bin
Resource missing. [HTTP GET: https://dl.google.com/dl/android/maven2/org/jetbrains/kotlinx/kotlinx-coroutines-bom/1.7.3/kotlinx-coroutines-bom-1.7.3.pom]
Downloading https://repo.maven.apache.org/maven2/org/jetbrains/kotlinx/kotlinx-serialization-bom/1.6.2/kotlinx-serialization-bom-1.6.2.pom to /home/runner/.gradle/.tmp/gradle_download5456225021852976479bin
Downloading https://repo.maven.apache.org/maven2/com/google/accompanist/accompanist-permissions/0.32.0/accompanist-permissions-0.32.0.module to /home/runner/.gradle/.tmp/gradle_download4030622860567443736bin
Downloading https://repo.maven.apache.org/maven2/org/jetbrains/kotlinx/kotlinx-coroutines-bom/1.7.3/kotlinx-coroutines-bom-1.7.3.pom to /home/runner/.gradle/.tmp/gradle_download13248447662096325067bin
Resource missing. [HTTP GET: https://dl.google.com/dl/android/maven2/org/lsposed/hiddenapibypass/hiddenapibypass/4.3/hiddenapibypass-4.3.pom]
Resource missing. [HTTP GET: https://dl.google.com/dl/android/maven2/com/google/guava/guava/32.1.2-android/guava-32.1.2-android.pom]
Downloading https://repo.maven.apache.org/maven2/org/lsposed/hiddenapibypass/hiddenapibypass/4.3/hiddenapibypass-4.3.pom to /home/runner/.gradle/.tmp/gradle_download3701969215771086774bin
Downloading https://repo.maven.apache.org/maven2/com/google/guava/guava/32.1.2-android/guava-32.1.2-android.pom to /home/runner/.gradle/.tmp/gradle_download2451133035131863626bin
Downloading https://repo.maven.apache.org/maven2/org/jetbrains/kotlinx/kotlinx-coroutines-guava/1.7.3/kotlinx-coroutines-guava-1.7.3.module to /home/runner/.gradle/.tmp/gradle_download4840110986343134062bin
Downloading https://repo.maven.apache.org/maven2/org/lsposed/hiddenapibypass/hiddenapibypass/4.3/hiddenapibypass-4.3.module to /home/runner/.gradle/.tmp/gradle_download7553014547914677806bin
Downloading https://repo.maven.apache.org/maven2/org/jetbrains/kotlinx/kotlinx-serialization-json/1.6.2/kotlinx-serialization-json-1.6.2.module to /home/runner/.gradle/.tmp/gradle_download5892049630961385133bin
Resource missing. [HTTP GET: https://dl.google.com/dl/android/maven2/com/microsoft/onnxruntime/onnxruntime-android/1.17.0/onnxruntime-android-1.17.0.pom]
Resource missing. [HTTP GET: https://dl.google.com/dl/android/maven2/com/google/guava/guava-parent/32.1.2-android/guava-parent-32.1.2-android.pom]
Downloading https://repo.maven.apache.org/maven2/com/microsoft/onnxruntime/onnxruntime-android/1.17.0/onnxruntime-android-1.17.0.pom to /home/runner/.gradle/.tmp/gradle_download15513198161433802313bin
Resource missing. [HTTP GET: https://dl.google.com/dl/android/maven2/be/tarsos/dsp/core/2.5/core-2.5.pom]
Resource missing. [HTTP GET: https://dl.google.com/dl/android/maven2/io/github/webrtc-sdk/android/144.7559.09/android-144.7559.09.pom]
Downloading https://repo.maven.apache.org/maven2/com/google/guava/guava-parent/32.1.2-android/guava-parent-32.1.2-android.pom to /home/runner/.gradle/.tmp/gradle_download14567908695735077146bin
Resource missing. [HTTP GET: https://repo.maven.apache.org/maven2/be/tarsos/dsp/core/2.5/core-2.5.pom]
Downloading https://dl.google.com/dl/android/maven2/com/google/mediapipe/tasks-vision/0.10.14/tasks-vision-0.10.14.pom to /home/runner/.gradle/.tmp/gradle_download17657928234996221892bin
Downloading https://repo.maven.apache.org/maven2/io/github/webrtc-sdk/android/144.7559.09/android-144.7559.09.pom to /home/runner/.gradle/.tmp/gradle_download14432194052939175097bin
Downloading https://repo.maven.apache.org/maven2/com/google/guava/guava/32.1.2-android/guava-32.1.2-android.module to /home/runner/.gradle/.tmp/gradle_download5935342661242971928bin
Downloading https://dl.google.com/dl/android/maven2/com/google/mlkit/segmentation-selfie/16.0.0-beta6/segmentation-selfie-16.0.0-beta6.pom to /home/runner/.gradle/.tmp/gradle_download8991795027900700650bin
Downloading https://dl.google.com/dl/android/maven2/com/google/mlkit/face-detection/16.1.7/face-detection-16.1.7.pom to /home/runner/.gradle/.tmp/gradle_download6238608836863761839bin
Resource missing. [HTTP GET: https://dl.google.com/dl/android/maven2/org/nanohttpd/nanohttpd/2.3.1/nanohttpd-2.3.1.pom]
Downloading https://repo.maven.apache.org/maven2/org/nanohttpd/nanohttpd/2.3.1/nanohttpd-2.3.1.pom to /home/runner/.gradle/.tmp/gradle_download7928589668799088561bin
Resource missing. [HTTP GET: https://dl.google.com/dl/android/maven2/org/nanohttpd/nanohttpd-project/2.3.1/nanohttpd-project-2.3.1.pom]
Downloading https://repo.maven.apache.org/maven2/org/nanohttpd/nanohttpd-project/2.3.1/nanohttpd-project-2.3.1.pom to /home/runner/.gradle/.tmp/gradle_download5358330451383285227bin
Downloading https://dl.google.com/dl/android/maven2/com/google/android/gms/play-services-mlkit-subject-segmentation/16.0.0-beta1/play-services-mlkit-subject-segmentation-16.0.0-beta1.pom to /home/runner/.gradle/.tmp/gradle_download5076905853097631170bin
Downloading https://mvn.0110.be/releases/be/tarsos/dsp/core/2.5/core-2.5.pom to /home/runner/.gradle/.tmp/gradle_download404621724035874473bin
Downloading https://mvn.0110.be/releases/be/tarsos/dsp/core/2.5/core-2.5.module to /home/runner/.gradle/.tmp/gradle_download16777050796178263344bin
Downloading https://dl.google.com/dl/android/maven2/androidx/compose/material/material-icons-extended/1.6.1/material-icons-extended-1.6.1.pom to /home/runner/.gradle/.tmp/gradle_download9189746525902796765bin
Downloading https://dl.google.com/dl/android/maven2/androidx/compose/material/material-icons-extended/1.6.1/material-icons-extended-1.6.1.module to /home/runner/.gradle/.tmp/gradle_download7260308749753653079bin
Downloading https://dl.google.com/dl/android/maven2/androidx/compose/material3/material3/1.2.0/material3-1.2.0.pom to /home/runner/.gradle/.tmp/gradle_download11588211271281817596bin
Downloading https://dl.google.com/dl/android/maven2/androidx/compose/material3/material3/1.2.0/material3-1.2.0.module to /home/runner/.gradle/.tmp/gradle_download10076930731948114492bin
Downloading https://dl.google.com/dl/android/maven2/androidx/compose/ui/ui/1.6.1/ui-1.6.1.pom to /home/runner/.gradle/.tmp/gradle_download3278809976974303329bin
Downloading https://dl.google.com/dl/android/maven2/androidx/compose/ui/ui/1.6.1/ui-1.6.1.module to /home/runner/.gradle/.tmp/gradle_download7453729756331345522bin
Downloading https://dl.google.com/dl/android/maven2/androidx/compose/ui/ui-graphics/1.6.1/ui-graphics-1.6.1.pom to /home/runner/.gradle/.tmp/gradle_download11935205718984669306bin
Downloading https://dl.google.com/dl/android/maven2/androidx/compose/ui/ui-graphics/1.6.1/ui-graphics-1.6.1.module to /home/runner/.gradle/.tmp/gradle_download15965072601384169148bin
Downloading https://dl.google.com/dl/android/maven2/androidx/compose/ui/ui-test-manifest/1.6.1/ui-test-manifest-1.6.1.pom to /home/runner/.gradle/.tmp/gradle_download11578987336242362159bin
Downloading https://dl.google.com/dl/android/maven2/androidx/compose/ui/ui-test-manifest/1.6.1/ui-test-manifest-1.6.1.module to /home/runner/.gradle/.tmp/gradle_download11352462243204387111bin
Downloading https://dl.google.com/dl/android/maven2/androidx/compose/ui/ui-tooling/1.6.1/ui-tooling-1.6.1.pom to /home/runner/.gradle/.tmp/gradle_download14595822935487749655bin
Downloading https://dl.google.com/dl/android/maven2/androidx/compose/ui/ui-tooling/1.6.1/ui-tooling-1.6.1.module to /home/runner/.gradle/.tmp/gradle_download275652296504541407bin
Downloading https://dl.google.com/dl/android/maven2/androidx/compose/ui/ui-tooling-preview/1.6.1/ui-tooling-preview-1.6.1.pom to /home/runner/.gradle/.tmp/gradle_download10879505096884157642bin
Downloading https://dl.google.com/dl/android/maven2/androidx/compose/ui/ui-tooling-preview/1.6.1/ui-tooling-preview-1.6.1.module to /home/runner/.gradle/.tmp/gradle_download15437935299187742565bin
Downloading https://dl.google.com/dl/android/maven2/androidx/core/core/1.12.0/core-1.12.0.pom to /home/runner/.gradle/.tmp/gradle_download9561174595612105774bin
Downloading https://dl.google.com/dl/android/maven2/androidx/core/core/1.12.0/core-1.12.0.module to /home/runner/.gradle/.tmp/gradle_download4126004739183692161bin
Downloading https://dl.google.com/dl/android/maven2/androidx/annotation/annotation/1.1.0/annotation-1.1.0.pom to /home/runner/.gradle/.tmp/gradle_download9998451036162838507bin
Resource missing. [HTTP GET: https://dl.google.com/dl/android/maven2/org/jetbrains/kotlinx/kotlinx-coroutines-android/1.7.1/kotlinx-coroutines-android-1.7.1.pom]
Downloading https://dl.google.com/dl/android/maven2/androidx/lifecycle/lifecycle-runtime/2.7.0/lifecycle-runtime-2.7.0.pom to /home/runner/.gradle/.tmp/gradle_download17602805448452827865bin
Downloading https://repo.maven.apache.org/maven2/org/jetbrains/kotlinx/kotlinx-coroutines-android/1.7.1/kotlinx-coroutines-android-1.7.1.pom to /home/runner/.gradle/.tmp/gradle_download9224114294307225199bin
Downloading https://dl.google.com/dl/android/maven2/androidx/lifecycle/lifecycle-runtime/2.7.0/lifecycle-runtime-2.7.0.module to /home/runner/.gradle/.tmp/gradle_download2014750806927897163bin
Resource missing. [HTTP GET: https://dl.google.com/dl/android/maven2/org/jetbrains/kotlinx/kotlinx-coroutines-bom/1.7.1/kotlinx-coroutines-bom-1.7.1.pom]
Downloading https://repo.maven.apache.org/maven2/org/jetbrains/kotlinx/kotlinx-coroutines-bom/1.7.1/kotlinx-coroutines-bom-1.7.1.pom to /home/runner/.gradle/.tmp/gradle_download14817514986369483259bin
Downloading https://repo.maven.apache.org/maven2/org/jetbrains/kotlinx/kotlinx-coroutines-android/1.7.1/kotlinx-coroutines-android-1.7.1.module to /home/runner/.gradle/.tmp/gradle_download10090507025587844383bin
Downloading https://dl.google.com/dl/android/maven2/androidx/activity/activity-ktx/1.8.2/activity-ktx-1.8.2.pom to /home/runner/.gradle/.tmp/gradle_download5496888296197051101bin
Downloading https://dl.google.com/dl/android/maven2/androidx/activity/activity-ktx/1.8.2/activity-ktx-1.8.2.module to /home/runner/.gradle/.tmp/gradle_download18237318984452156902bin
Downloading https://dl.google.com/dl/android/maven2/androidx/lifecycle/lifecycle-viewmodel/2.7.0/lifecycle-viewmodel-2.7.0.pom to /home/runner/.gradle/.tmp/gradle_download2316301493146486251bin
Downloading https://dl.google.com/dl/android/maven2/androidx/lifecycle/lifecycle-viewmodel/2.7.0/lifecycle-viewmodel-2.7.0.module to /home/runner/.gradle/.tmp/gradle_download9747442720880048464bin
Downloading https://dl.google.com/dl/android/maven2/androidx/compose/runtime/runtime-saveable/1.6.1/runtime-saveable-1.6.1.pom to /home/runner/.gradle/.tmp/gradle_download10574874711010428991bin
Downloading https://dl.google.com/dl/android/maven2/androidx/compose/runtime/runtime-saveable/1.6.1/runtime-saveable-1.6.1.module to /home/runner/.gradle/.tmp/gradle_download17035695068459556202bin
Downloading https://dl.google.com/dl/android/maven2/androidx/compose/runtime/runtime/1.6.1/runtime-1.6.1.pom to /home/runner/.gradle/.tmp/gradle_download5819656460148589359bin
Downloading https://dl.google.com/dl/android/maven2/androidx/compose/runtime/runtime/1.6.1/runtime-1.6.1.module to /home/runner/.gradle/.tmp/gradle_download3879839699929325834bin
Downloading https://dl.google.com/dl/android/maven2/androidx/lifecycle/lifecycle-viewmodel-ktx/2.7.0/lifecycle-viewmodel-ktx-2.7.0.pom to /home/runner/.gradle/.tmp/gradle_download1030686412158377810bin
Downloading https://dl.google.com/dl/android/maven2/androidx/annotation/annotation-experimental/1.1.0/annotation-experimental-1.1.0.pom to /home/runner/.gradle/.tmp/gradle_download17327902417750577733bin
Downloading https://dl.google.com/dl/android/maven2/androidx/lifecycle/lifecycle-common-java8/2.7.0/lifecycle-common-java8-2.7.0.pom to /home/runner/.gradle/.tmp/gradle_download5367491897744643665bin
Downloading https://dl.google.com/dl/android/maven2/androidx/lifecycle/lifecycle-viewmodel-savedstate/2.7.0/lifecycle-viewmodel-savedstate-2.7.0.pom to /home/runner/.gradle/.tmp/gradle_download10748160150492580456bin
Downloading https://dl.google.com/dl/android/maven2/androidx/lifecycle/lifecycle-common-java8/2.7.0/lifecycle-common-java8-2.7.0.module to /home/runner/.gradle/.tmp/gradle_download15417424901898454337bin
Downloading https://dl.google.com/dl/android/maven2/androidx/lifecycle/lifecycle-viewmodel-savedstate/2.7.0/lifecycle-viewmodel-savedstate-2.7.0.module to /home/runner/.gradle/.tmp/gradle_download7433006110357889618bin
Downloading https://dl.google.com/dl/android/maven2/androidx/lifecycle/lifecycle-viewmodel-ktx/2.7.0/lifecycle-viewmodel-ktx-2.7.0.module to /home/runner/.gradle/.tmp/gradle_download13837663097117013025bin
Downloading https://dl.google.com/dl/android/maven2/androidx/annotation/annotation-experimental/1.1.0/annotation-experimental-1.1.0.module to /home/runner/.gradle/.tmp/gradle_download1141125711722341289bin
Downloading https://dl.google.com/dl/android/maven2/androidx/navigation/navigation-runtime-ktx/2.7.6/navigation-runtime-ktx-2.7.6.pom to /home/runner/.gradle/.tmp/gradle_download10580922697932223720bin
Downloading https://dl.google.com/dl/android/maven2/androidx/navigation/navigation-runtime-ktx/2.7.6/navigation-runtime-ktx-2.7.6.module to /home/runner/.gradle/.tmp/gradle_download11625363780711513615bin
Downloading https://dl.google.com/dl/android/maven2/androidx/compose/animation/animation/1.6.1/animation-1.6.1.pom to /home/runner/.gradle/.tmp/gradle_download18097621821091755822bin
Downloading https://dl.google.com/dl/android/maven2/androidx/compose/animation/animation/1.6.1/animation-1.6.1.module to /home/runner/.gradle/.tmp/gradle_download646360589281308103bin
Downloading https://dl.google.com/dl/android/maven2/androidx/compose/foundation/foundation-layout/1.6.1/foundation-layout-1.6.1.pom to /home/runner/.gradle/.tmp/gradle_download10337227936088018806bin
Downloading https://dl.google.com/dl/android/maven2/androidx/compose/foundation/foundation-layout/1.6.1/foundation-layout-1.6.1.module to /home/runner/.gradle/.tmp/gradle_download5814054524346494189bin
Downloading https://dl.google.com/dl/android/maven2/androidx/annotation/annotation/1.2.0/annotation-1.2.0.pom to /home/runner/.gradle/.tmp/gradle_download12258395839256603951bin
Downloading https://dl.google.com/dl/android/maven2/androidx/annotation/annotation/1.2.0/annotation-1.2.0.module to /home/runner/.gradle/.tmp/gradle_download11808349362448291516bin
Downloading https://dl.google.com/dl/android/maven2/androidx/exifinterface/exifinterface/1.3.2/exifinterface-1.3.2.pom to /home/runner/.gradle/.tmp/gradle_download16208151340976883990bin
Resource missing. [HTTP GET: https://dl.google.com/dl/android/maven2/com/google/auto/value/auto-value-annotations/1.6.3/auto-value-annotations-1.6.3.pom]
Downloading https://dl.google.com/dl/android/maven2/androidx/concurrent/concurrent-futures/1.0.0/concurrent-futures-1.0.0.pom to /home/runner/.gradle/.tmp/gradle_download12512421669193323662bin
Downloading https://dl.google.com/dl/android/maven2/androidx/exifinterface/exifinterface/1.3.2/exifinterface-1.3.2.module to /home/runner/.gradle/.tmp/gradle_download6055374970269418579bin
Downloading https://repo.maven.apache.org/maven2/com/google/auto/value/auto-value-annotations/1.6.3/auto-value-annotations-1.6.3.pom to /home/runner/.gradle/.tmp/gradle_download6602475361058034368bin
Resource missing. [HTTP GET: https://dl.google.com/dl/android/maven2/com/google/auto/value/auto-value-parent/1.6.3/auto-value-parent-1.6.3.pom]
Downloading https://repo.maven.apache.org/maven2/com/google/auto/value/auto-value-parent/1.6.3/auto-value-parent-1.6.3.pom to /home/runner/.gradle/.tmp/gradle_download5706482960200589746bin
Resource missing. [HTTP GET: https://dl.google.com/dl/android/maven2/com/google/auto/auto-parent/7/auto-parent-7.pom]
Downloading https://repo.maven.apache.org/maven2/com/google/auto/auto-parent/7/auto-parent-7.pom to /home/runner/.gradle/.tmp/gradle_download6385863662062079407bin
Downloading https://dl.google.com/dl/android/maven2/androidx/lifecycle/lifecycle-common/2.7.0/lifecycle-common-2.7.0.pom to /home/runner/.gradle/.tmp/gradle_download461269813965508374bin
Downloading https://dl.google.com/dl/android/maven2/androidx/lifecycle/lifecycle-livedata/2.7.0/lifecycle-livedata-2.7.0.pom to /home/runner/.gradle/.tmp/gradle_download8790570209166882518bin
Downloading https://dl.google.com/dl/android/maven2/androidx/lifecycle/lifecycle-common/2.7.0/lifecycle-common-2.7.0.module to /home/runner/.gradle/.tmp/gradle_download206245637206567434bin
Downloading https://dl.google.com/dl/android/maven2/androidx/lifecycle/lifecycle-livedata/2.7.0/lifecycle-livedata-2.7.0.module to /home/runner/.gradle/.tmp/gradle_download15205077281946040781bin
Downloading https://dl.google.com/dl/android/maven2/androidx/annotation/annotation-experimental/1.3.1/annotation-experimental-1.3.1.pom to /home/runner/.gradle/.tmp/gradle_download2578179690056640664bin
Downloading https://dl.google.com/dl/android/maven2/androidx/annotation/annotation-experimental/1.3.1/annotation-experimental-1.3.1.module to /home/runner/.gradle/.tmp/gradle_download11311128991822808980bin
Downloading https://dl.google.com/dl/android/maven2/androidx/appcompat/appcompat/1.1.0/appcompat-1.1.0.pom to /home/runner/.gradle/.tmp/gradle_download50989690172592747bin
Downloading https://dl.google.com/dl/android/maven2/androidx/annotation/annotation/1.3.0/annotation-1.3.0.pom to /home/runner/.gradle/.tmp/gradle_download5407185424702609268bin
Downloading https://dl.google.com/dl/android/maven2/androidx/annotation/annotation/1.3.0/annotation-1.3.0.module to /home/runner/.gradle/.tmp/gradle_download7652863697333582369bin
Downloading https://dl.google.com/dl/android/maven2/androidx/exifinterface/exifinterface/1.3.6/exifinterface-1.3.6.pom to /home/runner/.gradle/.tmp/gradle_download10649255464044148693bin
Downloading https://dl.google.com/dl/android/maven2/androidx/exifinterface/exifinterface/1.3.6/exifinterface-1.3.6.module to /home/runner/.gradle/.tmp/gradle_download8471856471352245622bin
Downloading https://dl.google.com/dl/android/maven2/androidx/collection/collection/1.2.0/collection-1.2.0.pom to /home/runner/.gradle/.tmp/gradle_download15619179244900353439bin
Downloading https://dl.google.com/dl/android/maven2/androidx/media3/media3-datasource/1.2.0/media3-datasource-1.2.0.pom to /home/runner/.gradle/.tmp/gradle_download8688752350113429511bin
Downloading https://dl.google.com/dl/android/maven2/androidx/media3/media3-container/1.2.0/media3-container-1.2.0.pom to /home/runner/.gradle/.tmp/gradle_download15312210681061304255bin
Downloading https://dl.google.com/dl/android/maven2/androidx/collection/collection/1.2.0/collection-1.2.0.module to /home/runner/.gradle/.tmp/gradle_download17617637793224445455bin
Downloading https://dl.google.com/dl/android/maven2/androidx/media3/media3-datasource/1.2.0/media3-datasource-1.2.0.module to /home/runner/.gradle/.tmp/gradle_download1575258897061525212bin
Downloading https://dl.google.com/dl/android/maven2/androidx/media3/media3-container/1.2.0/media3-container-1.2.0.module to /home/runner/.gradle/.tmp/gradle_download10111129485917628379bin
Downloading https://dl.google.com/dl/android/maven2/androidx/media3/media3-decoder/1.2.0/media3-decoder-1.2.0.pom to /home/runner/.gradle/.tmp/gradle_download18028880017293750127bin
Downloading https://dl.google.com/dl/android/maven2/androidx/media3/media3-database/1.2.0/media3-database-1.2.0.pom to /home/runner/.gradle/.tmp/gradle_download9562074292137387356bin
Downloading https://dl.google.com/dl/android/maven2/androidx/media3/media3-extractor/1.2.0/media3-extractor-1.2.0.pom to /home/runner/.gradle/.tmp/gradle_download5388597042984907319bin
Downloading https://dl.google.com/dl/android/maven2/androidx/media3/media3-common/1.2.0/media3-common-1.2.0.pom to /home/runner/.gradle/.tmp/gradle_download15154107239488883765bin
Downloading https://dl.google.com/dl/android/maven2/androidx/media3/media3-decoder/1.2.0/media3-decoder-1.2.0.module to /home/runner/.gradle/.tmp/gradle_download6211290319767905247bin
Downloading https://dl.google.com/dl/android/maven2/androidx/media3/media3-extractor/1.2.0/media3-extractor-1.2.0.module to /home/runner/.gradle/.tmp/gradle_download1867560646651058497bin
Downloading https://dl.google.com/dl/android/maven2/androidx/media3/media3-common/1.2.0/media3-common-1.2.0.module to /home/runner/.gradle/.tmp/gradle_download12098140696002812530bin
Downloading https://dl.google.com/dl/android/maven2/androidx/media3/media3-database/1.2.0/media3-database-1.2.0.module to /home/runner/.gradle/.tmp/gradle_download17779946129235434694bin
Downloading https://dl.google.com/dl/android/maven2/androidx/media/media/1.6.0/media-1.6.0.pom to /home/runner/.gradle/.tmp/gradle_download215451458386596037bin
Downloading https://dl.google.com/dl/android/maven2/androidx/recyclerview/recyclerview/1.3.0/recyclerview-1.3.0.pom to /home/runner/.gradle/.tmp/gradle_download171376033541539232bin
Downloading https://dl.google.com/dl/android/maven2/androidx/media/media/1.6.0/media-1.6.0.module to /home/runner/.gradle/.tmp/gradle_download4398957407788902027bin
Downloading https://dl.google.com/dl/android/maven2/androidx/recyclerview/recyclerview/1.3.0/recyclerview-1.3.0.module to /home/runner/.gradle/.tmp/gradle_download6380620600857318828bin
Downloading https://dl.google.com/dl/android/maven2/androidx/datastore/datastore/1.0.0/datastore-1.0.0.pom to /home/runner/.gradle/.tmp/gradle_download12536351514433277864bin
Downloading https://dl.google.com/dl/android/maven2/androidx/datastore/datastore-preferences-core/1.0.0/datastore-preferences-core-1.0.0.pom to /home/runner/.gradle/.tmp/gradle_download4812861684332111314bin
Downloading https://dl.google.com/dl/android/maven2/androidx/datastore/datastore/1.0.0/datastore-1.0.0.module to /home/runner/.gradle/.tmp/gradle_download3930903119048885725bin
Downloading https://dl.google.com/dl/android/maven2/androidx/datastore/datastore-preferences-core/1.0.0/datastore-preferences-core-1.0.0.module to /home/runner/.gradle/.tmp/gradle_download12682214170628392438bin
Resource missing. [HTTP GET: https://dl.google.com/dl/android/maven2/org/jetbrains/kotlinx/kotlinx-serialization-json-jvm/1.6.2/kotlinx-serialization-json-jvm-1.6.2.pom]
Downloading https://repo.maven.apache.org/maven2/org/jetbrains/kotlinx/kotlinx-serialization-json-jvm/1.6.2/kotlinx-serialization-json-jvm-1.6.2.pom to /home/runner/.gradle/.tmp/gradle_download416913732159581271bin
Downloading https://repo.maven.apache.org/maven2/org/jetbrains/kotlinx/kotlinx-serialization-json-jvm/1.6.2/kotlinx-serialization-json-jvm-1.6.2.module to /home/runner/.gradle/.tmp/gradle_download5159679405135873023bin
Resource missing. [HTTP GET: https://dl.google.com/dl/android/maven2/org/jetbrains/kotlinx/kotlinx-coroutines-core/1.7.3/kotlinx-coroutines-core-1.7.3.pom]
Downloading https://repo.maven.apache.org/maven2/org/jetbrains/kotlinx/kotlinx-coroutines-core/1.7.3/kotlinx-coroutines-core-1.7.3.pom to /home/runner/.gradle/.tmp/gradle_download12929335455975538382bin
Downloading https://repo.maven.apache.org/maven2/org/jetbrains/kotlinx/kotlinx-coroutines-core/1.7.3/kotlinx-coroutines-core-1.7.3.module to /home/runner/.gradle/.tmp/gradle_download5532211881875308530bin
Resource missing. [HTTP GET: https://dl.google.com/dl/android/maven2/io/github/aakira/napier/1.4.1/napier-1.4.1.pom]
Resource missing. [HTTP GET: https://dl.google.com/dl/android/maven2/org/jetbrains/kotlin/kotlin-stdlib-jdk8/1.9.22/kotlin-stdlib-jdk8-1.9.22.pom]
Downloading https://repo.maven.apache.org/maven2/org/jetbrains/kotlin/kotlin-stdlib-jdk8/1.9.22/kotlin-stdlib-jdk8-1.9.22.pom to /home/runner/.gradle/.tmp/gradle_download3858155944617738850bin
Downloading https://repo.maven.apache.org/maven2/io/github/aakira/napier/1.4.1/napier-1.4.1.pom to /home/runner/.gradle/.tmp/gradle_download1758309079625214135bin
Downloading https://repo.maven.apache.org/maven2/io/github/aakira/napier/1.4.1/napier-1.4.1.module to /home/runner/.gradle/.tmp/gradle_download1951217600909009974bin
Downloading https://dl.google.com/dl/android/maven2/androidx/compose/foundation/foundation/1.6.1/foundation-1.6.1.pom to /home/runner/.gradle/.tmp/gradle_download14013195521771979966bin
Downloading https://dl.google.com/dl/android/maven2/androidx/compose/foundation/foundation/1.6.1/foundation-1.6.1.module to /home/runner/.gradle/.tmp/gradle_download2805148415618147159bin
Resource missing. [HTTP GET: https://dl.google.com/dl/android/maven2/com/google/auto/value/auto-value-annotations/1.8.1/auto-value-annotations-1.8.1.pom]
Downloading https://repo.maven.apache.org/maven2/com/google/auto/value/auto-value-annotations/1.8.1/auto-value-annotations-1.8.1.pom to /home/runner/.gradle/.tmp/gradle_download1822952700748808266bin
Resource missing. [HTTP GET: https://dl.google.com/dl/android/maven2/com/google/auto/value/auto-value-parent/1.8.1/auto-value-parent-1.8.1.pom]
Downloading https://repo.maven.apache.org/maven2/com/google/auto/value/auto-value-parent/1.8.1/auto-value-parent-1.8.1.pom to /home/runner/.gradle/.tmp/gradle_download3259444482913576050bin
Downloading https://dl.google.com/dl/android/maven2/com/google/mediapipe/tasks-core/0.10.14/tasks-core-0.10.14.pom to /home/runner/.gradle/.tmp/gradle_download3623075109459765578bin
Resource missing. [HTTP GET: https://dl.google.com/dl/android/maven2/com/google/auto/value/auto-value/1.8.1/auto-value-1.8.1.pom]
Downloading https://repo.maven.apache.org/maven2/com/google/auto/value/auto-value/1.8.1/auto-value-1.8.1.pom to /home/runner/.gradle/.tmp/gradle_download18331394904920392521bin
Downloading https://dl.google.com/dl/android/maven2/com/google/android/datatransport/transport-api/2.2.1/transport-api-2.2.1.pom to /home/runner/.gradle/.tmp/gradle_download2966201921698582236bin
Downloading https://dl.google.com/dl/android/maven2/com/google/android/datatransport/transport-backend-cct/2.3.3/transport-backend-cct-2.3.3.pom to /home/runner/.gradle/.tmp/gradle_download10820324793171428187bin
Downloading https://dl.google.com/dl/android/maven2/com/google/android/gms/play-services-base/18.1.0/play-services-base-18.1.0.pom to /home/runner/.gradle/.tmp/gradle_download8788012745411194551bin
Downloading https://dl.google.com/dl/android/maven2/com/google/android/datatransport/transport-runtime/2.2.6/transport-runtime-2.2.6.pom to /home/runner/.gradle/.tmp/gradle_download15291948566102144199bin
Downloading https://dl.google.com/dl/android/maven2/com/google/android/gms/play-services-tasks/18.0.2/play-services-tasks-18.0.2.pom to /home/runner/.gradle/.tmp/gradle_download7886932190665175392bin
Downloading https://dl.google.com/dl/android/maven2/com/google/android/gms/play-services-basement/18.1.0/play-services-basement-18.1.0.pom to /home/runner/.gradle/.tmp/gradle_download6810087831081609578bin
Downloading https://dl.google.com/dl/android/maven2/com/google/firebase/firebase-components/16.1.0/firebase-components-16.1.0.pom to /home/runner/.gradle/.tmp/gradle_download17235684239980249891bin
Downloading https://dl.google.com/dl/android/maven2/com/google/firebase/firebase-encoders-json/17.1.0/firebase-encoders-json-17.1.0.pom to /home/runner/.gradle/.tmp/gradle_download4553292733864612005bin
Downloading https://dl.google.com/dl/android/maven2/com/google/mlkit/common/18.10.0/common-18.10.0.pom to /home/runner/.gradle/.tmp/gradle_download6083453032325742182bin
Downloading https://dl.google.com/dl/android/maven2/com/google/mlkit/vision-interfaces/16.3.0/vision-interfaces-16.3.0.pom to /home/runner/.gradle/.tmp/gradle_download3614034335379909644bin
Downloading https://dl.google.com/dl/android/maven2/com/google/firebase/firebase-encoders/16.1.0/firebase-encoders-16.1.0.pom to /home/runner/.gradle/.tmp/gradle_download7841608686825607676bin
Downloading https://dl.google.com/dl/android/maven2/com/google/android/odml/image/1.0.0-beta1/image-1.0.0-beta1.pom to /home/runner/.gradle/.tmp/gradle_download1338462916564427864bin
Downloading https://dl.google.com/dl/android/maven2/com/google/mlkit/vision-common/17.3.0/vision-common-17.3.0.pom to /home/runner/.gradle/.tmp/gradle_download4239411306901384867bin
Downloading https://dl.google.com/dl/android/maven2/com/google/android/gms/play-services-base/18.5.0/play-services-base-18.5.0.pom to /home/runner/.gradle/.tmp/gradle_download701029453330541482bin
Downloading https://dl.google.com/dl/android/maven2/com/google/android/gms/play-services-basement/18.4.0/play-services-basement-18.4.0.pom to /home/runner/.gradle/.tmp/gradle_download4363493549273282944bin
Downloading https://dl.google.com/dl/android/maven2/com/google/android/gms/play-services-tasks/18.2.0/play-services-tasks-18.2.0.pom to /home/runner/.gradle/.tmp/gradle_download12759455762489832906bin
Downloading https://dl.google.com/dl/android/maven2/com/google/mlkit/common/18.11.0/common-18.11.0.pom to /home/runner/.gradle/.tmp/gradle_download7560637047813365879bin
Downloading https://dl.google.com/dl/android/maven2/com/google/mlkit/mediapipe-internal/17.0.0-beta10/mediapipe-internal-17.0.0-beta10.pom to /home/runner/.gradle/.tmp/gradle_download14120226978105593295bin
Downloading https://dl.google.com/dl/android/maven2/com/google/android/gms/play-services-mlkit-face-detection/17.1.0/play-services-mlkit-face-detection-17.1.0.pom to /home/runner/.gradle/.tmp/gradle_download573902574038749051bin
Downloading https://dl.google.com/dl/android/maven2/androidx/compose/material/material-icons-extended-android/1.6.1/material-icons-extended-android-1.6.1.pom to /home/runner/.gradle/.tmp/gradle_download8946488896316889005bin
Downloading https://dl.google.com/dl/android/maven2/androidx/compose/material/material-icons-extended-android/1.6.1/material-icons-extended-android-1.6.1.module to /home/runner/.gradle/.tmp/gradle_download14636240244254446952bin
Downloading https://dl.google.com/dl/android/maven2/androidx/compose/material3/material3-android/1.2.0/material3-android-1.2.0.pom to /home/runner/.gradle/.tmp/gradle_download11732507918080529019bin
Downloading https://dl.google.com/dl/android/maven2/androidx/compose/material3/material3-android/1.2.0/material3-android-1.2.0.module to /home/runner/.gradle/.tmp/gradle_download17670641382619192199bin
Downloading https://dl.google.com/dl/android/maven2/androidx/compose/ui/ui-android/1.6.1/ui-android-1.6.1.pom to /home/runner/.gradle/.tmp/gradle_download9208543152652640404bin
Downloading https://dl.google.com/dl/android/maven2/androidx/compose/ui/ui-android/1.6.1/ui-android-1.6.1.module to /home/runner/.gradle/.tmp/gradle_download900988606961363571bin
Downloading https://dl.google.com/dl/android/maven2/androidx/compose/ui/ui-graphics-android/1.6.1/ui-graphics-android-1.6.1.pom to /home/runner/.gradle/.tmp/gradle_download4112080349345296393bin
Downloading https://dl.google.com/dl/android/maven2/androidx/compose/ui/ui-graphics-android/1.6.1/ui-graphics-android-1.6.1.module to /home/runner/.gradle/.tmp/gradle_download11139889972433487232bin
Downloading https://dl.google.com/dl/android/maven2/androidx/compose/ui/ui-tooling-android/1.6.1/ui-tooling-android-1.6.1.pom to /home/runner/.gradle/.tmp/gradle_download17302913061864615018bin
Downloading https://dl.google.com/dl/android/maven2/androidx/compose/ui/ui-tooling-android/1.6.1/ui-tooling-android-1.6.1.module to /home/runner/.gradle/.tmp/gradle_download15998579974726562602bin
Downloading https://dl.google.com/dl/android/maven2/androidx/compose/ui/ui-tooling-preview-android/1.6.1/ui-tooling-preview-android-1.6.1.pom to /home/runner/.gradle/.tmp/gradle_download18396664585152165907bin
Downloading https://dl.google.com/dl/android/maven2/androidx/compose/ui/ui-tooling-preview-android/1.6.1/ui-tooling-preview-android-1.6.1.module to /home/runner/.gradle/.tmp/gradle_download14938008581362738479bin
Downloading https://dl.google.com/dl/android/maven2/androidx/annotation/annotation/1.6.0/annotation-1.6.0.pom to /home/runner/.gradle/.tmp/gradle_download13366221436905502272bin
Downloading https://dl.google.com/dl/android/maven2/androidx/annotation/annotation/1.6.0/annotation-1.6.0.module to /home/runner/.gradle/.tmp/gradle_download1236083022483891460bin
Downloading https://dl.google.com/dl/android/maven2/androidx/versionedparcelable/versionedparcelable/1.1.1/versionedparcelable-1.1.1.pom to /home/runner/.gradle/.tmp/gradle_download3458085262312690560bin
Downloading https://dl.google.com/dl/android/maven2/androidx/interpolator/interpolator/1.0.0/interpolator-1.0.0.pom to /home/runner/.gradle/.tmp/gradle_download9981452903407535467bin
Resource missing. [HTTP GET: https://dl.google.com/dl/android/maven2/org/jetbrains/kotlin/kotlin-stdlib-jdk7/1.9.22/kotlin-stdlib-jdk7-1.9.22.pom]
Downloading https://repo.maven.apache.org/maven2/org/jetbrains/kotlin/kotlin-stdlib-jdk7/1.9.22/kotlin-stdlib-jdk7-1.9.22.pom to /home/runner/.gradle/.tmp/gradle_download480372254089638907bin
Downloading https://dl.google.com/dl/android/maven2/androidx/arch/core/core-common/2.2.0/core-common-2.2.0.pom to /home/runner/.gradle/.tmp/gradle_download11426624214820081550bin
Downloading https://dl.google.com/dl/android/maven2/androidx/profileinstaller/profileinstaller/1.3.0/profileinstaller-1.3.0.pom to /home/runner/.gradle/.tmp/gradle_download1016485196040715717bin
Downloading https://dl.google.com/dl/android/maven2/androidx/arch/core/core-runtime/2.2.0/core-runtime-2.2.0.pom to /home/runner/.gradle/.tmp/gradle_download8510892974606511379bin
Downloading https://dl.google.com/dl/android/maven2/androidx/arch/core/core-runtime/2.2.0/core-runtime-2.2.0.module to /home/runner/.gradle/.tmp/gradle_download16375199973859331811bin
Downloading https://dl.google.com/dl/android/maven2/androidx/profileinstaller/profileinstaller/1.3.0/profileinstaller-1.3.0.module to /home/runner/.gradle/.tmp/gradle_download10947974847607751215bin
Downloading https://dl.google.com/dl/android/maven2/androidx/arch/core/core-common/2.2.0/core-common-2.2.0.module to /home/runner/.gradle/.tmp/gradle_download7418425127826826062bin
Downloading https://dl.google.com/dl/android/maven2/androidx/savedstate/savedstate-ktx/1.2.1/savedstate-ktx-1.2.1.pom to /home/runner/.gradle/.tmp/gradle_download5282709325121366929bin
Downloading https://dl.google.com/dl/android/maven2/androidx/activity/activity/1.8.2/activity-1.8.2.pom to /home/runner/.gradle/.tmp/gradle_download17594738070662931641bin
Downloading https://dl.google.com/dl/android/maven2/androidx/savedstate/savedstate-ktx/1.2.1/savedstate-ktx-1.2.1.module to /home/runner/.gradle/.tmp/gradle_download13792072217555722272bin
Downloading https://dl.google.com/dl/android/maven2/androidx/activity/activity/1.8.2/activity-1.8.2.module to /home/runner/.gradle/.tmp/gradle_download6192329245929076174bin
Downloading https://dl.google.com/dl/android/maven2/androidx/compose/runtime/runtime-android/1.6.1/runtime-android-1.6.1.pom to /home/runner/.gradle/.tmp/gradle_download5095937810387505187bin
Downloading https://dl.google.com/dl/android/maven2/androidx/compose/runtime/runtime-android/1.6.1/runtime-android-1.6.1.module to /home/runner/.gradle/.tmp/gradle_download9065818132587030306bin
Downloading https://dl.google.com/dl/android/maven2/androidx/compose/runtime/runtime-saveable-android/1.6.1/runtime-saveable-android-1.6.1.pom to /home/runner/.gradle/.tmp/gradle_download6454677195258976088bin
Downloading https://dl.google.com/dl/android/maven2/androidx/compose/runtime/runtime-saveable-android/1.6.1/runtime-saveable-android-1.6.1.module to /home/runner/.gradle/.tmp/gradle_download11173053395079827125bin
Downloading https://dl.google.com/dl/android/maven2/androidx/lifecycle/lifecycle-livedata-core/2.7.0/lifecycle-livedata-core-2.7.0.pom to /home/runner/.gradle/.tmp/gradle_download1440802903258723847bin
Downloading https://dl.google.com/dl/android/maven2/androidx/savedstate/savedstate/1.2.1/savedstate-1.2.1.pom to /home/runner/.gradle/.tmp/gradle_download518866975615223846bin
Downloading https://dl.google.com/dl/android/maven2/androidx/lifecycle/lifecycle-livedata-core/2.7.0/lifecycle-livedata-core-2.7.0.module to /home/runner/.gradle/.tmp/gradle_download12656471272947043661bin
Downloading https://dl.google.com/dl/android/maven2/androidx/savedstate/savedstate/1.2.1/savedstate-1.2.1.module to /home/runner/.gradle/.tmp/gradle_download1657586091826656859bin
Downloading https://dl.google.com/dl/android/maven2/androidx/navigation/navigation-common-ktx/2.7.6/navigation-common-ktx-2.7.6.pom to /home/runner/.gradle/.tmp/gradle_download2176261916117670255bin
Downloading https://dl.google.com/dl/android/maven2/androidx/navigation/navigation-runtime/2.7.6/navigation-runtime-2.7.6.pom to /home/runner/.gradle/.tmp/gradle_download14911635831967636840bin
Downloading https://dl.google.com/dl/android/maven2/androidx/navigation/navigation-runtime/2.7.6/navigation-runtime-2.7.6.module to /home/runner/.gradle/.tmp/gradle_download5982979111077136065bin
Downloading https://dl.google.com/dl/android/maven2/androidx/navigation/navigation-common-ktx/2.7.6/navigation-common-ktx-2.7.6.module to /home/runner/.gradle/.tmp/gradle_download14598527476417451643bin
Downloading https://dl.google.com/dl/android/maven2/androidx/compose/animation/animation-android/1.6.1/animation-android-1.6.1.pom to /home/runner/.gradle/.tmp/gradle_download8388399356569949920bin
Downloading https://dl.google.com/dl/android/maven2/androidx/compose/animation/animation-android/1.6.1/animation-android-1.6.1.module to /home/runner/.gradle/.tmp/gradle_download6961983858991198826bin
Downloading https://dl.google.com/dl/android/maven2/androidx/compose/foundation/foundation-layout-android/1.6.1/foundation-layout-android-1.6.1.pom to /home/runner/.gradle/.tmp/gradle_download9369559369146338638bin
Downloading https://dl.google.com/dl/android/maven2/androidx/compose/foundation/foundation-layout-android/1.6.1/foundation-layout-android-1.6.1.module to /home/runner/.gradle/.tmp/gradle_download10400392589830862852bin
Downloading https://dl.google.com/dl/android/maven2/androidx/lifecycle/lifecycle-livedata-core-ktx/2.7.0/lifecycle-livedata-core-ktx-2.7.0.pom to /home/runner/.gradle/.tmp/gradle_download7720057034827627127bin
Downloading https://dl.google.com/dl/android/maven2/androidx/lifecycle/lifecycle-livedata-core-ktx/2.7.0/lifecycle-livedata-core-ktx-2.7.0.module to /home/runner/.gradle/.tmp/gradle_download18263477145662193375bin
Downloading https://dl.google.com/dl/android/maven2/androidx/cursoradapter/cursoradapter/1.0.0/cursoradapter-1.0.0.pom to /home/runner/.gradle/.tmp/gradle_download1365893054325855366bin
Downloading https://dl.google.com/dl/android/maven2/androidx/drawerlayout/drawerlayout/1.0.0/drawerlayout-1.0.0.pom to /home/runner/.gradle/.tmp/gradle_download14886753559861873005bin
Downloading https://dl.google.com/dl/android/maven2/androidx/appcompat/appcompat-resources/1.1.0/appcompat-resources-1.1.0.pom to /home/runner/.gradle/.tmp/gradle_download331350213204295120bin
Downloading https://dl.google.com/dl/android/maven2/androidx/fragment/fragment/1.1.0/fragment-1.1.0.pom to /home/runner/.gradle/.tmp/gradle_download12326797958251543740bin
Downloading https://dl.google.com/dl/android/maven2/androidx/customview/customview-poolingcontainer/1.0.0/customview-poolingcontainer-1.0.0.pom to /home/runner/.gradle/.tmp/gradle_download17200121615070552887bin
Downloading https://dl.google.com/dl/android/maven2/androidx/customview/customview/1.0.0/customview-1.0.0.pom to /home/runner/.gradle/.tmp/gradle_download4236620734805145839bin
Downloading https://dl.google.com/dl/android/maven2/androidx/customview/customview-poolingcontainer/1.0.0/customview-poolingcontainer-1.0.0.module to /home/runner/.gradle/.tmp/gradle_download14275157884955135189bin
Downloading https://dl.google.com/dl/android/maven2/androidx/datastore/datastore-core/1.0.0/datastore-core-1.0.0.pom to /home/runner/.gradle/.tmp/gradle_download4413247995461590247bin
Downloading https://dl.google.com/dl/android/maven2/androidx/datastore/datastore-core/1.0.0/datastore-core-1.0.0.module to /home/runner/.gradle/.tmp/gradle_download11582542429122234947bin
Resource missing. [HTTP GET: https://dl.google.com/dl/android/maven2/org/jetbrains/kotlinx/kotlinx-serialization-core/1.6.2/kotlinx-serialization-core-1.6.2.pom]
Downloading https://repo.maven.apache.org/maven2/org/jetbrains/kotlinx/kotlinx-serialization-core/1.6.2/kotlinx-serialization-core-1.6.2.pom to /home/runner/.gradle/.tmp/gradle_download7935731959020790134bin
Downloading https://repo.maven.apache.org/maven2/org/jetbrains/kotlinx/kotlinx-serialization-core/1.6.2/kotlinx-serialization-core-1.6.2.module to /home/runner/.gradle/.tmp/gradle_download7803822088732104749bin
Resource missing. [HTTP GET: https://dl.google.com/dl/android/maven2/org/jetbrains/kotlinx/kotlinx-coroutines-android/1.7.3/kotlinx-coroutines-android-1.7.3.pom]
Downloading https://repo.maven.apache.org/maven2/org/jetbrains/kotlinx/kotlinx-coroutines-android/1.7.3/kotlinx-coroutines-android-1.7.3.pom to /home/runner/.gradle/.tmp/gradle_download569028732923351567bin
Downloading https://repo.maven.apache.org/maven2/org/jetbrains/kotlinx/kotlinx-coroutines-android/1.7.3/kotlinx-coroutines-android-1.7.3.module to /home/runner/.gradle/.tmp/gradle_download1579475314480736479bin
Resource missing. [HTTP GET: https://dl.google.com/dl/android/maven2/org/jetbrains/kotlinx/kotlinx-coroutines-core-jvm/1.7.3/kotlinx-coroutines-core-jvm-1.7.3.pom]
Downloading https://repo.maven.apache.org/maven2/org/jetbrains/kotlinx/kotlinx-coroutines-core-jvm/1.7.3/kotlinx-coroutines-core-jvm-1.7.3.pom to /home/runner/.gradle/.tmp/gradle_download16260113810182014402bin
Downloading https://repo.maven.apache.org/maven2/org/jetbrains/kotlinx/kotlinx-coroutines-core-jvm/1.7.3/kotlinx-coroutines-core-jvm-1.7.3.module to /home/runner/.gradle/.tmp/gradle_download11798757155753142062bin
Resource missing. [HTTP GET: https://dl.google.com/dl/android/maven2/org/checkerframework/checker-qual/3.33.0/checker-qual-3.33.0.pom]
Downloading https://repo.maven.apache.org/maven2/org/checkerframework/checker-qual/3.33.0/checker-qual-3.33.0.pom to /home/runner/.gradle/.tmp/gradle_download16770518791009405445bin
Downloading https://repo.maven.apache.org/maven2/org/checkerframework/checker-qual/3.33.0/checker-qual-3.33.0.module to /home/runner/.gradle/.tmp/gradle_download15291596369887748994bin
Resource missing. [HTTP GET: https://dl.google.com/dl/android/maven2/com/google/errorprone/error_prone_annotations/2.18.0/error_prone_annotations-2.18.0.pom]
Downloading https://repo.maven.apache.org/maven2/com/google/errorprone/error_prone_annotations/2.18.0/error_prone_annotations-2.18.0.pom to /home/runner/.gradle/.tmp/gradle_download13097767933722762627bin
Resource missing. [HTTP GET: https://dl.google.com/dl/android/maven2/com/google/errorprone/error_prone_parent/2.18.0/error_prone_parent-2.18.0.pom]
Downloading https://repo.maven.apache.org/maven2/com/google/errorprone/error_prone_parent/2.18.0/error_prone_parent-2.18.0.pom to /home/runner/.gradle/.tmp/gradle_download13114467957148515786bin
Resource missing. [HTTP GET: https://dl.google.com/dl/android/maven2/io/github/aakira/napier-android-debug/1.4.1/napier-android-debug-1.4.1.pom]
Downloading https://repo.maven.apache.org/maven2/io/github/aakira/napier-android-debug/1.4.1/napier-android-debug-1.4.1.pom to /home/runner/.gradle/.tmp/gradle_download8654406813857150756bin
Downloading https://repo.maven.apache.org/maven2/io/github/aakira/napier-android-debug/1.4.1/napier-android-debug-1.4.1.module to /home/runner/.gradle/.tmp/gradle_download757921587255371950bin
Downloading https://dl.google.com/dl/android/maven2/androidx/compose/foundation/foundation-android/1.6.1/foundation-android-1.6.1.pom to /home/runner/.gradle/.tmp/gradle_download8279380091776148155bin
Downloading https://dl.google.com/dl/android/maven2/androidx/compose/foundation/foundation-android/1.6.1/foundation-android-1.6.1.module to /home/runner/.gradle/.tmp/gradle_download17399661392282467351bin
Downloading https://dl.google.com/dl/android/maven2/com/google/android/datatransport/transport-api/3.0.0/transport-api-3.0.0.pom to /home/runner/.gradle/.tmp/gradle_download9858148702252760991bin
Downloading https://dl.google.com/dl/android/maven2/com/google/android/datatransport/transport-backend-cct/3.1.0/transport-backend-cct-3.1.0.pom to /home/runner/.gradle/.tmp/gradle_download4580719886768393209bin
Downloading https://dl.google.com/dl/android/maven2/com/google/android/datatransport/transport-runtime/3.1.0/transport-runtime-3.1.0.pom to /home/runner/.gradle/.tmp/gradle_download1940805737902230240bin
Resource missing. [HTTP GET: https://dl.google.com/dl/android/maven2/com/google/protobuf/protobuf-javalite/4.26.1/protobuf-javalite-4.26.1.pom]
Resource missing. [HTTP GET: https://dl.google.com/dl/android/maven2/com/google/flogger/flogger-system-backend/0.6/flogger-system-backend-0.6.pom]
Resource missing. [HTTP GET: https://dl.google.com/dl/android/maven2/com/google/flogger/flogger/0.6/flogger-0.6.pom]
Downloading https://repo.maven.apache.org/maven2/com/google/protobuf/protobuf-javalite/4.26.1/protobuf-javalite-4.26.1.pom to /home/runner/.gradle/.tmp/gradle_download9620487473220935263bin
Downloading https://repo.maven.apache.org/maven2/com/google/flogger/flogger-system-backend/0.6/flogger-system-backend-0.6.pom to /home/runner/.gradle/.tmp/gradle_download10396658096947316864bin
Downloading https://repo.maven.apache.org/maven2/com/google/flogger/flogger/0.6/flogger-0.6.pom to /home/runner/.gradle/.tmp/gradle_download17343278719074347237bin
Resource missing. [HTTP GET: https://dl.google.com/dl/android/maven2/com/google/protobuf/protobuf-parent/4.26.1/protobuf-parent-4.26.1.pom]
Downloading https://repo.maven.apache.org/maven2/com/google/protobuf/protobuf-parent/4.26.1/protobuf-parent-4.26.1.pom to /home/runner/.gradle/.tmp/gradle_download11665706713683851770bin
Resource missing. [HTTP GET: https://dl.google.com/dl/android/maven2/com/google/protobuf/protobuf-bom/4.26.1/protobuf-bom-4.26.1.pom]
Downloading https://repo.maven.apache.org/maven2/com/google/protobuf/protobuf-bom/4.26.1/protobuf-bom-4.26.1.pom to /home/runner/.gradle/.tmp/gradle_download5343026569885831907bin
Downloading https://dl.google.com/dl/android/maven2/com/google/firebase/firebase-annotations/16.0.0/firebase-annotations-16.0.0.pom to /home/runner/.gradle/.tmp/gradle_download13944807758605674198bin
Downloading https://dl.google.com/dl/android/maven2/androidx/appcompat/appcompat/1.6.1/appcompat-1.6.1.pom to /home/runner/.gradle/.tmp/gradle_download3930868353587835836bin
Downloading https://dl.google.com/dl/android/maven2/androidx/appcompat/appcompat/1.6.1/appcompat-1.6.1.module to /home/runner/.gradle/.tmp/gradle_download10171794934760080904bin
Resource missing. [HTTP GET: https://dl.google.com/dl/android/maven2/org/jetbrains/kotlin/kotlin-stdlib-common/1.9.22/kotlin-stdlib-common-1.9.22.pom]
Downloading https://dl.google.com/dl/android/maven2/androidx/compose/material/material-icons-core/1.6.1/material-icons-core-1.6.1.pom to /home/runner/.gradle/.tmp/gradle_download15228964179985135124bin
Downloading https://repo.maven.apache.org/maven2/org/jetbrains/kotlin/kotlin-stdlib-common/1.9.22/kotlin-stdlib-common-1.9.22.pom to /home/runner/.gradle/.tmp/gradle_download13157194170051989296bin
Downloading https://dl.google.com/dl/android/maven2/androidx/compose/material/material-icons-core/1.6.1/material-icons-core-1.6.1.module to /home/runner/.gradle/.tmp/gradle_download11742281358080085379bin
Downloading https://repo.maven.apache.org/maven2/org/jetbrains/kotlin/kotlin-stdlib-common/1.9.22/kotlin-stdlib-common-1.9.22.module to /home/runner/.gradle/.tmp/gradle_download14577321364925900317bin
Downloading https://dl.google.com/dl/android/maven2/androidx/annotation/annotation-experimental/1.4.0/annotation-experimental-1.4.0.pom to /home/runner/.gradle/.tmp/gradle_download17121672246868124389bin
Downloading https://dl.google.com/dl/android/maven2/androidx/annotation/annotation-experimental/1.4.0/annotation-experimental-1.4.0.module to /home/runner/.gradle/.tmp/gradle_download15043213699631336096bin
Downloading https://dl.google.com/dl/android/maven2/androidx/collection/collection/1.4.0/collection-1.4.0.pom to /home/runner/.gradle/.tmp/gradle_download1165189660100689075bin
Downloading https://dl.google.com/dl/android/maven2/androidx/collection/collection/1.4.0/collection-1.4.0.module to /home/runner/.gradle/.tmp/gradle_download17115149243684204856bin
Downloading https://dl.google.com/dl/android/maven2/androidx/compose/ui/ui-text/1.6.1/ui-text-1.6.1.pom to /home/runner/.gradle/.tmp/gradle_download6727489085996382273bin
Downloading https://dl.google.com/dl/android/maven2/androidx/compose/ui/ui-util/1.6.1/ui-util-1.6.1.pom to /home/runner/.gradle/.tmp/gradle_download13936207921245627845bin
Downloading https://dl.google.com/dl/android/maven2/androidx/compose/ui/ui-text/1.6.1/ui-text-1.6.1.module to /home/runner/.gradle/.tmp/gradle_download11134389807018801035bin
Downloading https://dl.google.com/dl/android/maven2/androidx/compose/ui/ui-util/1.6.1/ui-util-1.6.1.module to /home/runner/.gradle/.tmp/gradle_download4912480578037145695bin
Downloading https://dl.google.com/dl/android/maven2/androidx/compose/material/material-ripple/1.6.1/material-ripple-1.6.1.pom to /home/runner/.gradle/.tmp/gradle_download11051817751083919206bin
Downloading https://dl.google.com/dl/android/maven2/androidx/compose/material/material-ripple/1.6.1/material-ripple-1.6.1.module to /home/runner/.gradle/.tmp/gradle_download4695298460866671441bin
Downloading https://dl.google.com/dl/android/maven2/androidx/compose/animation/animation-core/1.6.1/animation-core-1.6.1.pom to /home/runner/.gradle/.tmp/gradle_download14466621252120185744bin
Downloading https://dl.google.com/dl/android/maven2/androidx/compose/animation/animation-core/1.6.1/animation-core-1.6.1.module to /home/runner/.gradle/.tmp/gradle_download87558494013887318bin
Downloading https://dl.google.com/dl/android/maven2/androidx/autofill/autofill/1.0.0/autofill-1.0.0.pom to /home/runner/.gradle/.tmp/gradle_download15565374018179332750bin
Downloading https://dl.google.com/dl/android/maven2/androidx/compose/ui/ui-unit/1.6.1/ui-unit-1.6.1.pom to /home/runner/.gradle/.tmp/gradle_download10166004441456957081bin
Downloading https://dl.google.com/dl/android/maven2/androidx/compose/ui/ui-geometry/1.6.1/ui-geometry-1.6.1.pom to /home/runner/.gradle/.tmp/gradle_download1746738758148761569bin
Downloading https://dl.google.com/dl/android/maven2/androidx/compose/ui/ui-unit/1.6.1/ui-unit-1.6.1.module to /home/runner/.gradle/.tmp/gradle_download16408280943604336854bin
Downloading https://dl.google.com/dl/android/maven2/androidx/compose/ui/ui-geometry/1.6.1/ui-geometry-1.6.1.module to /home/runner/.gradle/.tmp/gradle_download12159482384813847345bin
Downloading https://dl.google.com/dl/android/maven2/androidx/emoji2/emoji2/1.2.0/emoji2-1.2.0.pom to /home/runner/.gradle/.tmp/gradle_download15188606499639935051bin
Downloading https://dl.google.com/dl/android/maven2/androidx/emoji2/emoji2/1.2.0/emoji2-1.2.0.module to /home/runner/.gradle/.tmp/gradle_download1110831601305278369bin
Downloading https://dl.google.com/dl/android/maven2/androidx/annotation/annotation/1.7.0/annotation-1.7.0.pom to /home/runner/.gradle/.tmp/gradle_download2078681768929932379bin
Downloading https://dl.google.com/dl/android/maven2/androidx/annotation/annotation/1.7.0/annotation-1.7.0.module to /home/runner/.gradle/.tmp/gradle_download8415364708554718489bin
Downloading https://dl.google.com/dl/android/maven2/androidx/compose/ui/ui-tooling-data/1.6.1/ui-tooling-data-1.6.1.pom to /home/runner/.gradle/.tmp/gradle_download15623913942357823196bin
Downloading https://dl.google.com/dl/android/maven2/androidx/compose/ui/ui-tooling-data/1.6.1/ui-tooling-data-1.6.1.module to /home/runner/.gradle/.tmp/gradle_download14448150092634428725bin
Downloading https://dl.google.com/dl/android/maven2/androidx/compose/material/material/1.6.1/material-1.6.1.pom to /home/runner/.gradle/.tmp/gradle_download9294448414982964973bin
Downloading https://dl.google.com/dl/android/maven2/androidx/compose/material/material/1.6.1/material-1.6.1.module to /home/runner/.gradle/.tmp/gradle_download5302239760906349541bin
Downloading https://dl.google.com/dl/android/maven2/androidx/concurrent/concurrent-futures/1.1.0/concurrent-futures-1.1.0.pom to /home/runner/.gradle/.tmp/gradle_download8801067780922861541bin
Downloading https://dl.google.com/dl/android/maven2/androidx/concurrent/concurrent-futures/1.1.0/concurrent-futures-1.1.0.module to /home/runner/.gradle/.tmp/gradle_download6323754203263925104bin
Downloading https://dl.google.com/dl/android/maven2/androidx/startup/startup-runtime/1.1.1/startup-runtime-1.1.1.pom to /home/runner/.gradle/.tmp/gradle_download10678214154134553507bin
Downloading https://dl.google.com/dl/android/maven2/androidx/startup/startup-runtime/1.1.1/startup-runtime-1.1.1.module to /home/runner/.gradle/.tmp/gradle_download17013979759570555470bin
Downloading https://dl.google.com/dl/android/maven2/androidx/tracing/tracing/1.0.0/tracing-1.0.0.pom to /home/runner/.gradle/.tmp/gradle_download5240031885006409771bin
Downloading https://dl.google.com/dl/android/maven2/androidx/tracing/tracing/1.0.0/tracing-1.0.0.module to /home/runner/.gradle/.tmp/gradle_download1087624147318651502bin
Downloading https://dl.google.com/dl/android/maven2/androidx/navigation/navigation-common/2.7.6/navigation-common-2.7.6.pom to /home/runner/.gradle/.tmp/gradle_download1624705925494612973bin
Downloading https://dl.google.com/dl/android/maven2/androidx/navigation/navigation-common/2.7.6/navigation-common-2.7.6.module to /home/runner/.gradle/.tmp/gradle_download12491485332355547872bin
Downloading https://dl.google.com/dl/android/maven2/androidx/viewpager/viewpager/1.0.0/viewpager-1.0.0.pom to /home/runner/.gradle/.tmp/gradle_download12058108068726392255bin
Downloading https://dl.google.com/dl/android/maven2/androidx/loader/loader/1.0.0/loader-1.0.0.pom to /home/runner/.gradle/.tmp/gradle_download9418598910491013088bin
Resource missing. [HTTP GET: https://dl.google.com/dl/android/maven2/org/jetbrains/kotlinx/kotlinx-serialization-core-jvm/1.6.2/kotlinx-serialization-core-jvm-1.6.2.pom]
Downloading https://repo.maven.apache.org/maven2/org/jetbrains/kotlinx/kotlinx-serialization-core-jvm/1.6.2/kotlinx-serialization-core-jvm-1.6.2.pom to /home/runner/.gradle/.tmp/gradle_download9015377368883307706bin
Downloading https://repo.maven.apache.org/maven2/org/jetbrains/kotlinx/kotlinx-serialization-core-jvm/1.6.2/kotlinx-serialization-core-jvm-1.6.2.module to /home/runner/.gradle/.tmp/gradle_download6520018071550034449bin
Resource missing. [HTTP GET: https://dl.google.com/dl/android/maven2/org/jetbrains/annotations/23.0.0/annotations-23.0.0.pom]
Downloading https://repo.maven.apache.org/maven2/org/jetbrains/annotations/23.0.0/annotations-23.0.0.pom to /home/runner/.gradle/.tmp/gradle_download17092467374139871033bin
Downloading https://dl.google.com/dl/android/maven2/androidx/emoji2/emoji2/1.3.0/emoji2-1.3.0.pom to /home/runner/.gradle/.tmp/gradle_download1849074343586869988bin
Downloading https://dl.google.com/dl/android/maven2/androidx/emoji2/emoji2/1.3.0/emoji2-1.3.0.module to /home/runner/.gradle/.tmp/gradle_download9462894800524436174bin
Downloading https://dl.google.com/dl/android/maven2/com/google/firebase/firebase-encoders/17.0.0/firebase-encoders-17.0.0.pom to /home/runner/.gradle/.tmp/gradle_download18016840672978533736bin
Downloading https://dl.google.com/dl/android/maven2/com/google/firebase/firebase-encoders-json/18.0.0/firebase-encoders-json-18.0.0.pom to /home/runner/.gradle/.tmp/gradle_download9965907381239991435bin
Downloading https://dl.google.com/dl/android/maven2/com/google/firebase/firebase-encoders-proto/16.0.0/firebase-encoders-proto-16.0.0.pom to /home/runner/.gradle/.tmp/gradle_download15610316996741262397bin
Resource missing. [HTTP GET: https://dl.google.com/dl/android/maven2/org/checkerframework/checker-compat-qual/2.5.3/checker-compat-qual-2.5.3.pom]
Downloading https://repo.maven.apache.org/maven2/org/checkerframework/checker-compat-qual/2.5.3/checker-compat-qual-2.5.3.pom to /home/runner/.gradle/.tmp/gradle_download18222654079879384304bin
Downloading https://dl.google.com/dl/android/maven2/androidx/fragment/fragment/1.3.6/fragment-1.3.6.pom to /home/runner/.gradle/.tmp/gradle_download16148121752306382262bin
Downloading https://dl.google.com/dl/android/maven2/androidx/fragment/fragment/1.3.6/fragment-1.3.6.module to /home/runner/.gradle/.tmp/gradle_download9899567209469744712bin
Downloading https://dl.google.com/dl/android/maven2/androidx/appcompat/appcompat-resources/1.6.1/appcompat-resources-1.6.1.pom to /home/runner/.gradle/.tmp/gradle_download13139373459949718263bin
Downloading https://dl.google.com/dl/android/maven2/androidx/emoji2/emoji2-views-helper/1.2.0/emoji2-views-helper-1.2.0.pom to /home/runner/.gradle/.tmp/gradle_download12451421379347184653bin
Downloading https://dl.google.com/dl/android/maven2/androidx/resourceinspection/resourceinspection-annotation/1.0.1/resourceinspection-annotation-1.0.1.pom to /home/runner/.gradle/.tmp/gradle_download15778744005710689363bin
Downloading https://dl.google.com/dl/android/maven2/androidx/emoji2/emoji2-views-helper/1.2.0/emoji2-views-helper-1.2.0.module to /home/runner/.gradle/.tmp/gradle_download2512200643192884720bin
Downloading https://dl.google.com/dl/android/maven2/androidx/appcompat/appcompat-resources/1.6.1/appcompat-resources-1.6.1.module to /home/runner/.gradle/.tmp/gradle_download11427080233201050016bin
Downloading https://dl.google.com/dl/android/maven2/androidx/resourceinspection/resourceinspection-annotation/1.0.1/resourceinspection-annotation-1.0.1.module to /home/runner/.gradle/.tmp/gradle_download2387369249110569579bin
Downloading https://dl.google.com/dl/android/maven2/androidx/compose/material/material-icons-core-android/1.6.1/material-icons-core-android-1.6.1.pom to /home/runner/.gradle/.tmp/gradle_download7668445367366398111bin
Downloading https://dl.google.com/dl/android/maven2/androidx/compose/material/material-icons-core-android/1.6.1/material-icons-core-android-1.6.1.module to /home/runner/.gradle/.tmp/gradle_download16759051983567733132bin
Downloading https://dl.google.com/dl/android/maven2/androidx/collection/collection-jvm/1.4.0/collection-jvm-1.4.0.pom to /home/runner/.gradle/.tmp/gradle_download15786469522829393026bin
Downloading https://dl.google.com/dl/android/maven2/androidx/collection/collection-jvm/1.4.0/collection-jvm-1.4.0.module to /home/runner/.gradle/.tmp/gradle_download6033997047737947401bin
Downloading https://dl.google.com/dl/android/maven2/androidx/compose/ui/ui-text-android/1.6.1/ui-text-android-1.6.1.pom to /home/runner/.gradle/.tmp/gradle_download10683262701128877115bin
Downloading https://dl.google.com/dl/android/maven2/androidx/compose/ui/ui-text-android/1.6.1/ui-text-android-1.6.1.module to /home/runner/.gradle/.tmp/gradle_download2664638492422043002bin
Downloading https://dl.google.com/dl/android/maven2/androidx/compose/ui/ui-util-android/1.6.1/ui-util-android-1.6.1.pom to /home/runner/.gradle/.tmp/gradle_download15566653915571593296bin
Downloading https://dl.google.com/dl/android/maven2/androidx/compose/ui/ui-util-android/1.6.1/ui-util-android-1.6.1.module to /home/runner/.gradle/.tmp/gradle_download1115323074872647477bin
Downloading https://dl.google.com/dl/android/maven2/androidx/compose/material/material-ripple-android/1.6.1/material-ripple-android-1.6.1.pom to /home/runner/.gradle/.tmp/gradle_download8715380460171280075bin
Downloading https://dl.google.com/dl/android/maven2/androidx/compose/material/material-ripple-android/1.6.1/material-ripple-android-1.6.1.module to /home/runner/.gradle/.tmp/gradle_download17795151722121179327bin
Downloading https://dl.google.com/dl/android/maven2/androidx/compose/animation/animation-core-android/1.6.1/animation-core-android-1.6.1.pom to /home/runner/.gradle/.tmp/gradle_download12915802088377327468bin
Downloading https://dl.google.com/dl/android/maven2/androidx/compose/animation/animation-core-android/1.6.1/animation-core-android-1.6.1.module to /home/runner/.gradle/.tmp/gradle_download15700520906082643486bin
Downloading https://dl.google.com/dl/android/maven2/androidx/compose/ui/ui-geometry-android/1.6.1/ui-geometry-android-1.6.1.pom to /home/runner/.gradle/.tmp/gradle_download17803989055822644420bin
Downloading https://dl.google.com/dl/android/maven2/androidx/compose/ui/ui-geometry-android/1.6.1/ui-geometry-android-1.6.1.module to /home/runner/.gradle/.tmp/gradle_download13536515495865101695bin
Downloading https://dl.google.com/dl/android/maven2/androidx/compose/ui/ui-unit-android/1.6.1/ui-unit-android-1.6.1.pom to /home/runner/.gradle/.tmp/gradle_download5021375563594964004bin
Downloading https://dl.google.com/dl/android/maven2/androidx/compose/ui/ui-unit-android/1.6.1/ui-unit-android-1.6.1.module to /home/runner/.gradle/.tmp/gradle_download10474043575391892730bin
Downloading https://dl.google.com/dl/android/maven2/androidx/annotation/annotation-jvm/1.7.0/annotation-jvm-1.7.0.pom to /home/runner/.gradle/.tmp/gradle_download9839814600777588600bin
Downloading https://dl.google.com/dl/android/maven2/androidx/annotation/annotation-jvm/1.7.0/annotation-jvm-1.7.0.module to /home/runner/.gradle/.tmp/gradle_download6536735876783530360bin
Downloading https://dl.google.com/dl/android/maven2/androidx/compose/ui/ui-tooling-data-android/1.6.1/ui-tooling-data-android-1.6.1.pom to /home/runner/.gradle/.tmp/gradle_download13297315049453116348bin
Downloading https://dl.google.com/dl/android/maven2/androidx/compose/ui/ui-tooling-data-android/1.6.1/ui-tooling-data-android-1.6.1.module to /home/runner/.gradle/.tmp/gradle_download12189322525360415672bin
Downloading https://dl.google.com/dl/android/maven2/androidx/compose/material/material-android/1.6.1/material-android-1.6.1.pom to /home/runner/.gradle/.tmp/gradle_download3914926426336457882bin
Downloading https://dl.google.com/dl/android/maven2/androidx/compose/material/material-android/1.6.1/material-android-1.6.1.module to /home/runner/.gradle/.tmp/gradle_download17734773705452321903bin
Downloading https://dl.google.com/dl/android/maven2/androidx/collection/collection-ktx/1.1.0/collection-ktx-1.1.0.pom to /home/runner/.gradle/.tmp/gradle_download4494759427332971324bin
Downloading https://dl.google.com/dl/android/maven2/androidx/emoji2/emoji2-views-helper/1.3.0/emoji2-views-helper-1.3.0.pom to /home/runner/.gradle/.tmp/gradle_download13130591798332505803bin
Downloading https://dl.google.com/dl/android/maven2/androidx/emoji2/emoji2-views-helper/1.3.0/emoji2-views-helper-1.3.0.module to /home/runner/.gradle/.tmp/gradle_download12071022506370380552bin
Downloading https://dl.google.com/dl/android/maven2/androidx/lifecycle/lifecycle-process/2.7.0/lifecycle-process-2.7.0.pom to /home/runner/.gradle/.tmp/gradle_download6024180760197841042bin
Downloading https://dl.google.com/dl/android/maven2/androidx/lifecycle/lifecycle-process/2.7.0/lifecycle-process-2.7.0.module to /home/runner/.gradle/.tmp/gradle_download8463585395348952975bin
Downloading https://dl.google.com/dl/android/maven2/androidx/vectordrawable/vectordrawable-animated/1.1.0/vectordrawable-animated-1.1.0.pom to /home/runner/.gradle/.tmp/gradle_download8503482986895987171bin
Downloading https://dl.google.com/dl/android/maven2/androidx/vectordrawable/vectordrawable/1.1.0/vectordrawable-1.1.0.pom to /home/runner/.gradle/.tmp/gradle_download13965217834270919028bin
Downloading https://dl.google.com/dl/android/maven2/androidx/collection/collection-ktx/1.4.0/collection-ktx-1.4.0.pom to /home/runner/.gradle/.tmp/gradle_download10650383921057256724bin
Downloading https://dl.google.com/dl/android/maven2/androidx/collection/collection-ktx/1.4.0/collection-ktx-1.4.0.module to /home/runner/.gradle/.tmp/gradle_download7201326894098794672bin
Transforming RootEncoder.jar with IdentityTransform
Transforming listenablefuture-9999.0-empty-to-avoid-conflict-with-guava.jar (com.google.guava:listenablefuture:9999.0-empty-to-avoid-conflict-with-guava) with IdentityTransform
Transforming failureaccess-1.0.1.jar (com.google.guava:failureaccess:1.0.1) with IdentityTransform
Transforming jsr305-3.0.2.jar (com.google.code.findbugs:jsr305:3.0.2) with IdentityTransform
Transforming javax.inject-1.jar (javax.inject:javax.inject:1) with IdentityTransform
Caching disabled for IdentityTransform: /home/runner/work/Android-virtual-cam/Android-virtual-cam/app/libs/RootEncoder.jar because:
  Build cache is disabled
Downloading https://dl.google.com/dl/android/maven2/androidx/camera/camera-view/1.3.1/camera-view-1.3.1.aar to /home/runner/.gradle/.tmp/gradle_download6600551933199504174bin
Transforming camera-view-1.3.1.aar (androidx.camera:camera-view:1.3.1) with AarToClassTransform
Caching disabled for AarToClassTransform: /home/runner/.gradle/caches/modules-2/files-2.1/androidx.camera/camera-view/1.3.1/97365c7874018558499d24f9a8f21bf13ab47a09/camera-view-1.3.1.aar because:
  Build cache is disabled
Transforming RootEncoder.jar with EnumerateClassesTransform
Downloading https://dl.google.com/dl/android/maven2/androidx/camera/camera-lifecycle/1.3.1/camera-lifecycle-1.3.1.aar to /home/runner/.gradle/.tmp/gradle_download17889290274181355179bin
Transforming camera-lifecycle-1.3.1.aar (androidx.camera:camera-lifecycle:1.3.1) with AarToClassTransform
Caching disabled for AarToClassTransform: /home/runner/.gradle/caches/modules-2/files-2.1/androidx.camera/camera-lifecycle/1.3.1/f092bb2053146082c3caac18b630196dc2ff0265/camera-lifecycle-1.3.1.aar because:
  Build cache is disabled
Caching disabled for EnumerateClassesTransform: /home/runner/work/Android-virtual-cam/Android-virtual-cam/app/libs/RootEncoder.jar because:
  Build cache is disabled
Transforming camera-lifecycle-1.3.1.aar (androidx.camera:camera-lifecycle:1.3.1) with EnumerateClassesTransform
Caching disabled for EnumerateClassesTransform: /home/runner/.gradle/caches/transforms-4/a7124bcbc73ab1125b19f8b3a2fa7a92/transformed/camera-lifecycle-1.3.1-runtime.jar because:
  Build cache is disabled
Transforming camera-view-1.3.1.aar (androidx.camera:camera-view:1.3.1) with EnumerateClassesTransform
Caching disabled for EnumerateClassesTransform: /home/runner/.gradle/caches/transforms-4/c775a5104053a577d672c0283c282c9e/transformed/camera-view-1.3.1-runtime.jar because:
  Build cache is disabled
Downloading https://dl.google.com/dl/android/maven2/androidx/camera/camera-camera2/1.3.1/camera-camera2-1.3.1.aar to /home/runner/.gradle/.tmp/gradle_download14716951810556188818bin
Downloading https://dl.google.com/dl/android/maven2/androidx/camera/camera-video/1.3.1/camera-video-1.3.1.aar to /home/runner/.gradle/.tmp/gradle_download3605713280746346164bin
Transforming camera-video-1.3.1.aar (androidx.camera:camera-video:1.3.1) with AarToClassTransform
Caching disabled for AarToClassTransform: /home/runner/.gradle/caches/modules-2/files-2.1/androidx.camera/camera-video/1.3.1/d4dfdc45b26ebd3c4b961f162a649ea8502e20b9/camera-video-1.3.1.aar because:
  Build cache is disabled
Transforming camera-camera2-1.3.1.aar (androidx.camera:camera-camera2:1.3.1) with AarToClassTransform
Caching disabled for AarToClassTransform: /home/runner/.gradle/caches/modules-2/files-2.1/androidx.camera/camera-camera2/1.3.1/5cf5355efeaadc3adc729fb0dea232f7e3db683c/camera-camera2-1.3.1.aar because:
  Build cache is disabled
Downloading https://dl.google.com/dl/android/maven2/androidx/camera/camera-core/1.3.1/camera-core-1.3.1.aar to /home/runner/.gradle/.tmp/gradle_download9264267116681322021bin
Transforming camera-video-1.3.1.aar (androidx.camera:camera-video:1.3.1) with EnumerateClassesTransform
Caching disabled for EnumerateClassesTransform: /home/runner/.gradle/caches/transforms-4/5df17f5571105f841374d5f443b67929/transformed/camera-video-1.3.1-runtime.jar because:
  Build cache is disabled
Downloading https://dl.google.com/dl/android/maven2/androidx/media3/media3-ui/1.2.0/media3-ui-1.2.0.aar to /home/runner/.gradle/.tmp/gradle_download6903502512388955727bin
Downloading https://dl.google.com/dl/android/maven2/androidx/media3/media3-extractor/1.2.0/media3-extractor-1.2.0.aar to /home/runner/.gradle/.tmp/gradle_download3625186498950899664bin
Transforming camera-camera2-1.3.1.aar (androidx.camera:camera-camera2:1.3.1) with EnumerateClassesTransform
Transforming camera-core-1.3.1.aar (androidx.camera:camera-core:1.3.1) with AarToClassTransform
Caching disabled for AarToClassTransform: /home/runner/.gradle/caches/modules-2/files-2.1/androidx.camera/camera-core/1.3.1/e05a22e92953b6225c416e21589d29b2808568f0/camera-core-1.3.1.aar because:
  Build cache is disabled
Transforming media3-ui-1.2.0.aar (androidx.media3:media3-ui:1.2.0) with AarToClassTransform
Caching disabled for EnumerateClassesTransform: /home/runner/.gradle/caches/transforms-4/018c49c1484d3e397b77f920120690f0/transformed/camera-camera2-1.3.1-runtime.jar because:
  Build cache is disabled
Caching disabled for AarToClassTransform: /home/runner/.gradle/caches/modules-2/files-2.1/androidx.media3/media3-ui/1.2.0/65a0bff9352c8805515d6bcbee6d24e19a6c3d06/media3-ui-1.2.0.aar because:
  Build cache is disabled
Transforming media3-extractor-1.2.0.aar (androidx.media3:media3-extractor:1.2.0) with AarToClassTransform
Caching disabled for AarToClassTransform: /home/runner/.gradle/caches/modules-2/files-2.1/androidx.media3/media3-extractor/1.2.0/50a4178d574f49fd0e29d81423a00f75fed91030/media3-extractor-1.2.0.aar because:
  Build cache is disabled
Transforming media3-ui-1.2.0.aar (androidx.media3:media3-ui:1.2.0) with EnumerateClassesTransform
Downloading https://dl.google.com/dl/android/maven2/androidx/media3/media3-container/1.2.0/media3-container-1.2.0.aar to /home/runner/.gradle/.tmp/gradle_download5983465648706450910bin
Transforming media3-container-1.2.0.aar (androidx.media3:media3-container:1.2.0) with AarToClassTransform
Caching disabled for AarToClassTransform: /home/runner/.gradle/caches/modules-2/files-2.1/androidx.media3/media3-container/1.2.0/52a49b0f160f5b2d20db8dd0b7bad72fd4c1922a/media3-container-1.2.0.aar because:
  Build cache is disabled
Caching disabled for EnumerateClassesTransform: /home/runner/.gradle/caches/transforms-4/f1cc4772579b5eb61c1f4818e5633268/transformed/media3-ui-1.2.0-runtime.jar because:
  Build cache is disabled
Transforming media3-container-1.2.0.aar (androidx.media3:media3-container:1.2.0) with EnumerateClassesTransform
Caching disabled for EnumerateClassesTransform: /home/runner/.gradle/caches/transforms-4/762a436e6ba2dd053cef5a0943b57c56/transformed/media3-container-1.2.0-runtime.jar because:
  Build cache is disabled
Downloading https://dl.google.com/dl/android/maven2/androidx/media3/media3-datasource/1.2.0/media3-datasource-1.2.0.aar to /home/runner/.gradle/.tmp/gradle_download2650327503899602505bin
Downloading https://dl.google.com/dl/android/maven2/androidx/media3/media3-decoder/1.2.0/media3-decoder-1.2.0.aar to /home/runner/.gradle/.tmp/gradle_download17133733517909508744bin
Transforming media3-decoder-1.2.0.aar (androidx.media3:media3-decoder:1.2.0) with AarToClassTransform
Caching disabled for AarToClassTransform: /home/runner/.gradle/caches/modules-2/files-2.1/androidx.media3/media3-decoder/1.2.0/59649321331cd3f17435faa2773ed58b5dc8d5d6/media3-decoder-1.2.0.aar because:
  Build cache is disabled
Transforming media3-datasource-1.2.0.aar (androidx.media3:media3-datasource:1.2.0) with AarToClassTransform
Caching disabled for AarToClassTransform: /home/runner/.gradle/caches/modules-2/files-2.1/androidx.media3/media3-datasource/1.2.0/119f35d7f0a31a5f265adc33be37929fa13ff06e/media3-datasource-1.2.0.aar because:
  Build cache is disabled
Transforming media3-decoder-1.2.0.aar (androidx.media3:media3-decoder:1.2.0) with EnumerateClassesTransform
Transforming camera-core-1.3.1.aar (androidx.camera:camera-core:1.3.1) with EnumerateClassesTransform
Caching disabled for EnumerateClassesTransform: /home/runner/.gradle/caches/transforms-4/3618aac58c40b58434e97a3d6df02344/transformed/media3-decoder-1.2.0-runtime.jar because:
  Build cache is disabled
Transforming media3-extractor-1.2.0.aar (androidx.media3:media3-extractor:1.2.0) with EnumerateClassesTransform
Caching disabled for EnumerateClassesTransform: /home/runner/.gradle/caches/transforms-4/8bd7373b194a30cd01bd0a1bfa830272/transformed/media3-extractor-1.2.0-runtime.jar because:
  Build cache is disabled
Transforming media3-datasource-1.2.0.aar (androidx.media3:media3-datasource:1.2.0) with EnumerateClassesTransform
Caching disabled for EnumerateClassesTransform: /home/runner/.gradle/caches/transforms-4/c58d6416c1d0aa2203c57b9d65596312/transformed/camera-core-1.3.1-runtime.jar because:
  Build cache is disabled
Downloading https://dl.google.com/dl/android/maven2/androidx/media3/media3-database/1.2.0/media3-database-1.2.0.aar to /home/runner/.gradle/.tmp/gradle_download7757107966257389460bin
Transforming media3-database-1.2.0.aar (androidx.media3:media3-database:1.2.0) with AarToClassTransform
Caching disabled for EnumerateClassesTransform: /home/runner/.gradle/caches/transforms-4/173af158c95c2f745c113ab479927bcb/transformed/media3-datasource-1.2.0-runtime.jar because:
  Build cache is disabled
Caching disabled for AarToClassTransform: /home/runner/.gradle/caches/modules-2/files-2.1/androidx.media3/media3-database/1.2.0/307d1230219619c312a3d2cadd013786f4d59a64/media3-database-1.2.0.aar because:
  Build cache is disabled
Transforming media3-database-1.2.0.aar (androidx.media3:media3-database:1.2.0) with EnumerateClassesTransform
Caching disabled for EnumerateClassesTransform: /home/runner/.gradle/caches/transforms-4/a4d25e2446aa15fbf1fbbfafe08e6cfe/transformed/media3-database-1.2.0-runtime.jar because:
  Build cache is disabled
Downloading https://dl.google.com/dl/android/maven2/androidx/media3/media3-common/1.2.0/media3-common-1.2.0.aar to /home/runner/.gradle/.tmp/gradle_download16168133260194846300bin
Downloading https://dl.google.com/dl/android/maven2/androidx/media3/media3-exoplayer/1.2.0/media3-exoplayer-1.2.0.aar to /home/runner/.gradle/.tmp/gradle_download14366918366710974033bin
Downloading https://dl.google.com/dl/android/maven2/androidx/media/media/1.6.0/media-1.6.0.aar to /home/runner/.gradle/.tmp/gradle_download16958464975937131563bin
Transforming media3-common-1.2.0.aar (androidx.media3:media3-common:1.2.0) with AarToClassTransform
Transforming media-1.6.0.aar (androidx.media:media:1.6.0) with AarToClassTransform
Caching disabled for AarToClassTransform: /home/runner/.gradle/caches/modules-2/files-2.1/androidx.media/media/1.6.0/db8f393321275a13f52eb5ff28f96931f238865e/media-1.6.0.aar because:
  Build cache is disabled
Downloading https://dl.google.com/dl/android/maven2/androidx/recyclerview/recyclerview/1.3.0/recyclerview-1.3.0.aar to /home/runner/.gradle/.tmp/gradle_download6801964495246741734bin
Caching disabled for AarToClassTransform: /home/runner/.gradle/caches/modules-2/files-2.1/androidx.media3/media3-common/1.2.0/6db2af9ff808f5ef4db3edea7bc39ac80ccbc497/media3-common-1.2.0.aar because:
  Build cache is disabled
Transforming recyclerview-1.3.0.aar (androidx.recyclerview:recyclerview:1.3.0) with AarToClassTransform
Caching disabled for AarToClassTransform: /home/runner/.gradle/caches/modules-2/files-2.1/androidx.recyclerview/recyclerview/1.3.0/57b0dfda0105b96dd2f8a6af4eabaa3daa77ce51/recyclerview-1.3.0.aar because:
  Build cache is disabled
Transforming media-1.6.0.aar (androidx.media:media:1.6.0) with EnumerateClassesTransform
Transforming media3-exoplayer-1.2.0.aar (androidx.media3:media3-exoplayer:1.2.0) with AarToClassTransform
Caching disabled for AarToClassTransform: /home/runner/.gradle/caches/modules-2/files-2.1/androidx.media3/media3-exoplayer/1.2.0/f994184952f36f0c91eb0ec6ed6c9283d6858076/media3-exoplayer-1.2.0.aar because:
  Build cache is disabled
Transforming media3-common-1.2.0.aar (androidx.media3:media3-common:1.2.0) with EnumerateClassesTransform
Caching disabled for EnumerateClassesTransform: /home/runner/.gradle/caches/transforms-4/6b463cadbbda1304a384de53855496fa/transformed/media-1.6.0-runtime.jar because:
  Build cache is disabled
Caching disabled for EnumerateClassesTransform: /home/runner/.gradle/caches/transforms-4/344a5543b6852ff7f82172cece326457/transformed/media3-common-1.2.0-runtime.jar because:
  Build cache is disabled
Transforming recyclerview-1.3.0.aar (androidx.recyclerview:recyclerview:1.3.0) with EnumerateClassesTransform
Caching disabled for EnumerateClassesTransform: /home/runner/.gradle/caches/transforms-4/3263173f50da214ef2f751519bca8a86/transformed/recyclerview-1.3.0-runtime.jar because:
  Build cache is disabled
Downloading https://dl.google.com/dl/android/maven2/com/google/android/gms/play-services-mlkit-subject-segmentation/16.0.0-beta1/play-services-mlkit-subject-segmentation-16.0.0-beta1.aar to /home/runner/.gradle/.tmp/gradle_download6931671429056121566bin
Transforming play-services-mlkit-subject-segmentation-16.0.0-beta1.aar (com.google.android.gms:play-services-mlkit-subject-segmentation:16.0.0-beta1) with AarToClassTransform
Caching disabled for AarToClassTransform: /home/runner/.gradle/caches/modules-2/files-2.1/com.google.android.gms/play-services-mlkit-subject-segmentation/16.0.0-beta1/da73173aa438ee7a3ec5be77d0ec6f3ee506922e/play-services-mlkit-subject-segmentation-16.0.0-beta1.aar because:
  Build cache is disabled
Transforming media3-exoplayer-1.2.0.aar (androidx.media3:media3-exoplayer:1.2.0) with EnumerateClassesTransform
Downloading https://dl.google.com/dl/android/maven2/com/google/mlkit/face-detection/16.1.7/face-detection-16.1.7.aar to /home/runner/.gradle/.tmp/gradle_download3664904874985259169bin
Transforming play-services-mlkit-subject-segmentation-16.0.0-beta1.aar (com.google.android.gms:play-services-mlkit-subject-segmentation:16.0.0-beta1) with EnumerateClassesTransform
Downloading https://dl.google.com/dl/android/maven2/com/google/mlkit/segmentation-selfie/16.0.0-beta6/segmentation-selfie-16.0.0-beta6.aar to /home/runner/.gradle/.tmp/gradle_download15275411366680030908bin
Caching disabled for EnumerateClassesTransform: /home/runner/.gradle/caches/transforms-4/e5e3647de9dd0bf10e90edfd24c6c98d/transformed/media3-exoplayer-1.2.0-runtime.jar because:
  Build cache is disabled
Caching disabled for EnumerateClassesTransform: /home/runner/.gradle/caches/transforms-4/2bf0a42cb2b60c0e4e98895f94225cd7/transformed/play-services-mlkit-subject-segmentation-16.0.0-beta1-runtime.jar because:
  Build cache is disabled
Downloading https://dl.google.com/dl/android/maven2/com/google/android/gms/play-services-mlkit-face-detection/17.1.0/play-services-mlkit-face-detection-17.1.0.aar to /home/runner/.gradle/.tmp/gradle_download5212921861551642646bin
Transforming play-services-mlkit-face-detection-17.1.0.aar (com.google.android.gms:play-services-mlkit-face-detection:17.1.0) with AarToClassTransform
Caching disabled for AarToClassTransform: /home/runner/.gradle/caches/modules-2/files-2.1/com.google.android.gms/play-services-mlkit-face-detection/17.1.0/2781e6c9c83f1b4245fdeb9b0ed8939020322a7f/play-services-mlkit-face-detection-17.1.0.aar because:
  Build cache is disabled
Downloading https://dl.google.com/dl/android/maven2/com/google/mlkit/mediapipe-internal/17.0.0-beta10/mediapipe-internal-17.0.0-beta10.aar to /home/runner/.gradle/.tmp/gradle_download3864615949838954416bin
Transforming segmentation-selfie-16.0.0-beta6.aar (com.google.mlkit:segmentation-selfie:16.0.0-beta6) with AarToClassTransform
Caching disabled for AarToClassTransform: /home/runner/.gradle/caches/modules-2/files-2.1/com.google.mlkit/segmentation-selfie/16.0.0-beta6/85955b3986b8cc98336dbe85ba87e1a5e699a8ba/segmentation-selfie-16.0.0-beta6.aar because:
  Build cache is disabled
Transforming play-services-mlkit-face-detection-17.1.0.aar (com.google.android.gms:play-services-mlkit-face-detection:17.1.0) with EnumerateClassesTransform
Caching disabled for EnumerateClassesTransform: /home/runner/.gradle/caches/transforms-4/34977f1a877344c0fc06262134ae54a6/transformed/play-services-mlkit-face-detection-17.1.0-runtime.jar because:
  Build cache is disabled
Downloading https://dl.google.com/dl/android/maven2/com/google/mlkit/vision-common/17.3.0/vision-common-17.3.0.aar to /home/runner/.gradle/.tmp/gradle_download8733977554891128236bin
Transforming segmentation-selfie-16.0.0-beta6.aar (com.google.mlkit:segmentation-selfie:16.0.0-beta6) with EnumerateClassesTransform
Transforming vision-common-17.3.0.aar (com.google.mlkit:vision-common:17.3.0) with AarToClassTransform
Caching disabled for AarToClassTransform: /home/runner/.gradle/caches/modules-2/files-2.1/com.google.mlkit/vision-common/17.3.0/bbb65d11601dddd2871ee384b95dfef151959ad8/vision-common-17.3.0.aar because:
  Build cache is disabled
Caching disabled for EnumerateClassesTransform: /home/runner/.gradle/caches/transforms-4/30e6b40f7b8265148311375d9d480f7d/transformed/segmentation-selfie-16.0.0-beta6-runtime.jar because:
  Build cache is disabled
Transforming vision-common-17.3.0.aar (com.google.mlkit:vision-common:17.3.0) with AarToClassTransform
Transforming vision-common-17.3.0.aar (com.google.mlkit:vision-common:17.3.0) with EnumerateClassesTransform
Transforming vision-common-17.3.0.aar (com.google.mlkit:vision-common:17.3.0) with EnumerateClassesTransform
Caching disabled for EnumerateClassesTransform: /home/runner/.gradle/caches/transforms-4/db8c0b67cee45ce3bbe6af3ffd643e1e/transformed/vision-common-17.3.0-runtime.jar because:
  Build cache is disabled
Downloading https://dl.google.com/dl/android/maven2/com/google/mlkit/common/18.11.0/common-18.11.0.aar to /home/runner/.gradle/.tmp/gradle_download3729523332224976780bin
Transforming common-18.11.0.aar (com.google.mlkit:common:18.11.0) with AarToClassTransform
Transforming common-18.11.0.aar (com.google.mlkit:common:18.11.0) with AarToClassTransform
Caching disabled for AarToClassTransform: /home/runner/.gradle/caches/modules-2/files-2.1/com.google.mlkit/common/18.11.0/9ff0cb84fee30f0acdfe58256fb857289e055fd8/common-18.11.0.aar because:
  Build cache is disabled
Transforming common-18.11.0.aar (com.google.mlkit:common:18.11.0) with EnumerateClassesTransform
Transforming common-18.11.0.aar (com.google.mlkit:common:18.11.0) with EnumerateClassesTransform
Caching disabled for EnumerateClassesTransform: /home/runner/.gradle/caches/transforms-4/cd4bf6f845e0338f2ca7aaf5af2f8c4b/transformed/common-18.11.0-runtime.jar because:
  Build cache is disabled
Downloading https://dl.google.com/dl/android/maven2/com/google/android/gms/play-services-base/18.5.0/play-services-base-18.5.0.aar to /home/runner/.gradle/.tmp/gradle_download147564065489771698bin
Transforming play-services-base-18.5.0.aar (com.google.android.gms:play-services-base:18.5.0) with AarToClassTransform
Transforming play-services-base-18.5.0.aar (com.google.android.gms:play-services-base:18.5.0) with AarToClassTransform
Caching disabled for AarToClassTransform: /home/runner/.gradle/caches/modules-2/files-2.1/com.google.android.gms/play-services-base/18.5.0/9b3fc5c98a0a082ce2804aa97d1f1bf39b01ce76/play-services-base-18.5.0.aar because:
  Build cache is disabled
Transforming play-services-base-18.5.0.aar (com.google.android.gms:play-services-base:18.5.0) with EnumerateClassesTransform
Transforming play-services-base-18.5.0.aar (com.google.android.gms:play-services-base:18.5.0) with EnumerateClassesTransform
Caching disabled for EnumerateClassesTransform: /home/runner/.gradle/caches/transforms-4/0b39df812ec68531956a43e70a210d3b/transformed/play-services-base-18.5.0-runtime.jar because:
  Build cache is disabled
Transforming face-detection-16.1.7.aar (com.google.mlkit:face-detection:16.1.7) with AarToClassTransform
Caching disabled for AarToClassTransform: /home/runner/.gradle/caches/modules-2/files-2.1/com.google.mlkit/face-detection/16.1.7/aab1bfb4e1be866b82efa1bb7c47210d8ebc836c/face-detection-16.1.7.aar because:
  Build cache is disabled
Downloading https://dl.google.com/dl/android/maven2/com/google/mlkit/vision-interfaces/16.3.0/vision-interfaces-16.3.0.aar to /home/runner/.gradle/.tmp/gradle_download14337858399669662270bin
Transforming face-detection-16.1.7.aar (com.google.mlkit:face-detection:16.1.7) with EnumerateClassesTransform
Transforming vision-interfaces-16.3.0.aar (com.google.mlkit:vision-interfaces:16.3.0) with AarToClassTransform
Caching disabled for AarToClassTransform: /home/runner/.gradle/caches/modules-2/files-2.1/com.google.mlkit/vision-interfaces/16.3.0/18e61a12128bfe6c3110ad7bf15196f8f895b9d3/vision-interfaces-16.3.0.aar because:
  Build cache is disabled
Transforming vision-interfaces-16.3.0.aar (com.google.mlkit:vision-interfaces:16.3.0) with AarToClassTransform
Transforming vision-interfaces-16.3.0.aar (com.google.mlkit:vision-interfaces:16.3.0) with EnumerateClassesTransform
Caching disabled for EnumerateClassesTransform: /home/runner/.gradle/caches/transforms-4/a07d229149c467efad03f804651d6f2b/transformed/vision-interfaces-16.3.0-runtime.jar because:
  Build cache is disabled
Transforming vision-interfaces-16.3.0.aar (com.google.mlkit:vision-interfaces:16.3.0) with EnumerateClassesTransform
Caching disabled for EnumerateClassesTransform: /home/runner/.gradle/caches/transforms-4/bc64f1f0b535860d05e33dafcb3e33f1/transformed/face-detection-16.1.7-runtime.jar because:
  Build cache is disabled
Downloading https://dl.google.com/dl/android/maven2/com/google/android/gms/play-services-tasks/18.2.0/play-services-tasks-18.2.0.aar to /home/runner/.gradle/.tmp/gradle_download17091939257795286794bin
Transforming play-services-tasks-18.2.0.aar (com.google.android.gms:play-services-tasks:18.2.0) with AarToClassTransform
Transforming play-services-tasks-18.2.0.aar (com.google.android.gms:play-services-tasks:18.2.0) with AarToClassTransform
Caching disabled for AarToClassTransform: /home/runner/.gradle/caches/modules-2/files-2.1/com.google.android.gms/play-services-tasks/18.2.0/75cd01884bac2768b8ab1b530c6510334bb2330c/play-services-tasks-18.2.0.aar because:
  Build cache is disabled
Transforming play-services-tasks-18.2.0.aar (com.google.android.gms:play-services-tasks:18.2.0) with AarToClassTransform
Transforming play-services-tasks-18.2.0.aar (com.google.android.gms:play-services-tasks:18.2.0) with EnumerateClassesTransform
Transforming play-services-tasks-18.2.0.aar (com.google.android.gms:play-services-tasks:18.2.0) with EnumerateClassesTransform
Transforming play-services-tasks-18.2.0.aar (com.google.android.gms:play-services-tasks:18.2.0) with EnumerateClassesTransform
Caching disabled for EnumerateClassesTransform: /home/runner/.gradle/caches/transforms-4/ff0da2822dbbd5c3f2b80f77a52c1628/transformed/play-services-tasks-18.2.0-runtime.jar because:
  Build cache is disabled
Downloading https://dl.google.com/dl/android/maven2/com/google/android/gms/play-services-basement/18.4.0/play-services-basement-18.4.0.aar to /home/runner/.gradle/.tmp/gradle_download18198810905138948747bin
Transforming play-services-basement-18.4.0.aar (com.google.android.gms:play-services-basement:18.4.0) with AarToClassTransform
Transforming play-services-basement-18.4.0.aar (com.google.android.gms:play-services-basement:18.4.0) with AarToClassTransform
Transforming play-services-basement-18.4.0.aar (com.google.android.gms:play-services-basement:18.4.0) with AarToClassTransform
Caching disabled for AarToClassTransform: /home/runner/.gradle/caches/modules-2/files-2.1/com.google.android.gms/play-services-basement/18.4.0/bdc0da0600b30e6baed1d6b0875cdc3ae411ad69/play-services-basement-18.4.0.aar because:
  Build cache is disabled
Transforming play-services-basement-18.4.0.aar (com.google.android.gms:play-services-basement:18.4.0) with EnumerateClassesTransform
Transforming play-services-basement-18.4.0.aar (com.google.android.gms:play-services-basement:18.4.0) with EnumerateClassesTransform
Transforming play-services-basement-18.4.0.aar (com.google.android.gms:play-services-basement:18.4.0) with EnumerateClassesTransform
Caching disabled for EnumerateClassesTransform: /home/runner/.gradle/caches/transforms-4/adcf95610cf8e82f0f40f90317b1dfda/transformed/play-services-basement-18.4.0-runtime.jar because:
  Build cache is disabled
Downloading https://dl.google.com/dl/android/maven2/androidx/navigation/navigation-runtime/2.7.6/navigation-runtime-2.7.6.aar to /home/runner/.gradle/.tmp/gradle_download14065648051068630293bin
Downloading https://dl.google.com/dl/android/maven2/androidx/navigation/navigation-common/2.7.6/navigation-common-2.7.6.aar to /home/runner/.gradle/.tmp/gradle_download1163619127274509956bin
Transforming navigation-runtime-2.7.6.aar (androidx.navigation:navigation-runtime:2.7.6) with AarToClassTransform
Caching disabled for AarToClassTransform: /home/runner/.gradle/caches/modules-2/files-2.1/androidx.navigation/navigation-runtime/2.7.6/4cb5888903afcbf2ef96e7420b3f1998e4431a97/navigation-runtime-2.7.6.aar because:
  Build cache is disabled
Downloading https://dl.google.com/dl/android/maven2/androidx/navigation/navigation-common-ktx/2.7.6/navigation-common-ktx-2.7.6.aar to /home/runner/.gradle/.tmp/gradle_download667904811123539275bin
Transforming navigation-runtime-2.7.6.aar (androidx.navigation:navigation-runtime:2.7.6) with EnumerateClassesTransform
Caching disabled for EnumerateClassesTransform: /home/runner/.gradle/caches/transforms-4/2d2140d3a338a053b07285c0a87387f3/transformed/navigation-runtime-2.7.6-runtime.jar because:
  Build cache is disabled
Transforming navigation-common-2.7.6.aar (androidx.navigation:navigation-common:2.7.6) with AarToClassTransform
Transforming mediapipe-internal-17.0.0-beta10.aar (com.google.mlkit:mediapipe-internal:17.0.0-beta10) with AarToClassTransform
Transforming navigation-common-ktx-2.7.6.aar (androidx.navigation:navigation-common-ktx:2.7.6) with AarToClassTransform
Caching disabled for AarToClassTransform: /home/runner/.gradle/caches/modules-2/files-2.1/androidx.navigation/navigation-common/2.7.6/2eecee45d32487df750c718a19cb1e11f238c4ca/navigation-common-2.7.6.aar because:
  Build cache is disabled
Caching disabled for AarToClassTransform: /home/runner/.gradle/caches/modules-2/files-2.1/androidx.navigation/navigation-common-ktx/2.7.6/d2a5c5a1ad654392d76b922162d1083bcc367bf8/navigation-common-ktx-2.7.6.aar because:
  Build cache is disabled
Transforming navigation-common-ktx-2.7.6.aar (androidx.navigation:navigation-common-ktx:2.7.6) with EnumerateClassesTransform
Caching disabled for EnumerateClassesTransform: /home/runner/.gradle/caches/transforms-4/b0bcf0cba06dfa027663bd73324ef48e/transformed/navigation-common-ktx-2.7.6-runtime.jar because:
  Build cache is disabled
Transforming navigation-common-2.7.6.aar (androidx.navigation:navigation-common:2.7.6) with EnumerateClassesTransform
Caching disabled for EnumerateClassesTransform: /home/runner/.gradle/caches/transforms-4/27cd4ed1b41191042009bcafe915256a/transformed/navigation-common-2.7.6-runtime.jar because:
  Build cache is disabled
Downloading https://repo.maven.apache.org/maven2/com/google/accompanist/accompanist-permissions/0.32.0/accompanist-permissions-0.32.0.aar to /home/runner/.gradle/.tmp/gradle_download13572260648137699061bin
Caching disabled for AarToClassTransform: /home/runner/.gradle/caches/modules-2/files-2.1/com.google.mlkit/mediapipe-internal/17.0.0-beta10/2aabcfbae1a47be89f537ab42c8367869f3d321e/mediapipe-internal-17.0.0-beta10.aar because:
  Build cache is disabled
Downloading https://dl.google.com/dl/android/maven2/androidx/navigation/navigation-compose/2.7.6/navigation-compose-2.7.6.aar to /home/runner/.gradle/.tmp/gradle_download1878858547374662035bin
Transforming accompanist-permissions-0.32.0.aar (com.google.accompanist:accompanist-permissions:0.32.0) with AarToClassTransform
Caching disabled for AarToClassTransform: /home/runner/.gradle/caches/modules-2/files-2.1/com.google.accompanist/accompanist-permissions/0.32.0/d285e76c38d9de545b8f7a24c7bb79f0045dd76b/accompanist-permissions-0.32.0.aar because:
  Build cache is disabled
Transforming mediapipe-internal-17.0.0-beta10.aar (com.google.mlkit:mediapipe-internal:17.0.0-beta10) with EnumerateClassesTransform
Caching disabled for EnumerateClassesTransform: /home/runner/.gradle/caches/transforms-4/2d0cb9a2bdcc956148a0134fcf6ee680/transformed/mediapipe-internal-17.0.0-beta10-runtime.jar because:
  Build cache is disabled
Transforming accompanist-permissions-0.32.0.aar (com.google.accompanist:accompanist-permissions:0.32.0) with EnumerateClassesTransform
Downloading https://dl.google.com/dl/android/maven2/androidx/navigation/navigation-runtime-ktx/2.7.6/navigation-runtime-ktx-2.7.6.aar to /home/runner/.gradle/.tmp/gradle_download16650869745355832754bin
Caching disabled for EnumerateClassesTransform: /home/runner/.gradle/caches/transforms-4/cfaa122c36f1633d69cc04a70693a162/transformed/accompanist-permissions-0.32.0-runtime.jar because:
  Build cache is disabled
Transforming navigation-runtime-ktx-2.7.6.aar (androidx.navigation:navigation-runtime-ktx:2.7.6) with AarToClassTransform
Transforming navigation-compose-2.7.6.aar (androidx.navigation:navigation-compose:2.7.6) with AarToClassTransform
Caching disabled for AarToClassTransform: /home/runner/.gradle/caches/modules-2/files-2.1/androidx.navigation/navigation-runtime-ktx/2.7.6/b41134cb853acff7f2a8034dac311bc76d53972e/navigation-runtime-ktx-2.7.6.aar because:
  Build cache is disabled
Caching disabled for AarToClassTransform: /home/runner/.gradle/caches/modules-2/files-2.1/androidx.navigation/navigation-compose/2.7.6/83590becc5484b9845d109193cb3898996f1c7bb/navigation-compose-2.7.6.aar because:
  Build cache is disabled
Transforming navigation-runtime-ktx-2.7.6.aar (androidx.navigation:navigation-runtime-ktx:2.7.6) with EnumerateClassesTransform
Caching disabled for EnumerateClassesTransform: /home/runner/.gradle/caches/transforms-4/17596cd5640c3a822de95eeeea2b86c8/transformed/navigation-runtime-ktx-2.7.6-runtime.jar because:
  Build cache is disabled
Transforming navigation-compose-2.7.6.aar (androidx.navigation:navigation-compose:2.7.6) with EnumerateClassesTransform
Caching disabled for EnumerateClassesTransform: /home/runner/.gradle/caches/transforms-4/61749b7074d52024e772deb13ae67e94/transformed/navigation-compose-2.7.6-runtime.jar because:
  Build cache is disabled
Downloading https://dl.google.com/dl/android/maven2/androidx/appcompat/appcompat-resources/1.6.1/appcompat-resources-1.6.1.aar to /home/runner/.gradle/.tmp/gradle_download12992393798120867641bin
Transforming appcompat-resources-1.6.1.aar (androidx.appcompat:appcompat-resources:1.6.1) with AarToClassTransform
Downloading https://dl.google.com/dl/android/maven2/androidx/appcompat/appcompat/1.6.1/appcompat-1.6.1.aar to /home/runner/.gradle/.tmp/gradle_download9908966585824172169bin
Caching disabled for AarToClassTransform: /home/runner/.gradle/caches/modules-2/files-2.1/androidx.appcompat/appcompat-resources/1.6.1/3fe43025e50b556f319b1ff82a730d5a376a31e/appcompat-resources-1.6.1.aar because:
  Build cache is disabled
Transforming appcompat-resources-1.6.1.aar (androidx.appcompat:appcompat-resources:1.6.1) with EnumerateClassesTransform
Caching disabled for EnumerateClassesTransform: /home/runner/.gradle/caches/transforms-4/e213423e09e28226cb6463f87741a064/transformed/appcompat-resources-1.6.1-runtime.jar because:
  Build cache is disabled
Transforming appcompat-1.6.1.aar (androidx.appcompat:appcompat:1.6.1) with AarToClassTransform
Transforming appcompat-1.6.1.aar (androidx.appcompat:appcompat:1.6.1) with AarToClassTransform
Caching disabled for AarToClassTransform: /home/runner/.gradle/caches/modules-2/files-2.1/androidx.appcompat/appcompat/1.6.1/6c7577004b7ebbee5ed87d512b578dd20e3c8c31/appcompat-1.6.1.aar because:
  Build cache is disabled
Downloading https://dl.google.com/dl/android/maven2/androidx/fragment/fragment/1.3.6/fragment-1.3.6.aar to /home/runner/.gradle/.tmp/gradle_download2082795602791156362bin
Transforming fragment-1.3.6.aar (androidx.fragment:fragment:1.3.6) with AarToClassTransform
Transforming fragment-1.3.6.aar (androidx.fragment:fragment:1.3.6) with AarToClassTransform
Caching disabled for AarToClassTransform: /home/runner/.gradle/caches/modules-2/files-2.1/androidx.fragment/fragment/1.3.6/6391fc504e7c0f24051ac8b9da3f0ba4d1241dff/fragment-1.3.6.aar because:
  Build cache is disabled
Transforming fragment-1.3.6.aar (androidx.fragment:fragment:1.3.6) with EnumerateClassesTransform
Transforming fragment-1.3.6.aar (androidx.fragment:fragment:1.3.6) with EnumerateClassesTransform
Caching disabled for EnumerateClassesTransform: /home/runner/.gradle/caches/transforms-4/3bae8c435b7ea1d8af9c6fd414a57903/transformed/fragment-1.3.6-runtime.jar because:
  Build cache is disabled
Transforming fragment-1.3.6.aar (androidx.fragment:fragment:1.3.6) with AarToClassTransform
Transforming fragment-1.3.6.aar (androidx.fragment:fragment:1.3.6) with EnumerateClassesTransform
Transforming appcompat-1.6.1.aar (androidx.appcompat:appcompat:1.6.1) with EnumerateClassesTransform
Transforming appcompat-1.6.1.aar (androidx.appcompat:appcompat:1.6.1) with EnumerateClassesTransform
Caching disabled for EnumerateClassesTransform: /home/runner/.gradle/caches/transforms-4/675926d8a10aedb2d1c001f2a8f8d484/transformed/appcompat-1.6.1-runtime.jar because:
  Build cache is disabled
Downloading https://dl.google.com/dl/android/maven2/androidx/activity/activity-ktx/1.8.2/activity-ktx-1.8.2.aar to /home/runner/.gradle/.tmp/gradle_download15613294998030912340bin
Transforming activity-ktx-1.8.2.aar (androidx.activity:activity-ktx:1.8.2) with AarToClassTransform
Downloading https://dl.google.com/dl/android/maven2/androidx/activity/activity/1.8.2/activity-1.8.2.aar to /home/runner/.gradle/.tmp/gradle_download1657395834308116955bin
Caching disabled for AarToClassTransform: /home/runner/.gradle/caches/modules-2/files-2.1/androidx.activity/activity-ktx/1.8.2/735d4efd33db4ef032d985415be3e39edbaa65c4/activity-ktx-1.8.2.aar because:
  Build cache is disabled
Transforming activity-ktx-1.8.2.aar (androidx.activity:activity-ktx:1.8.2) with EnumerateClassesTransform
Caching disabled for EnumerateClassesTransform: /home/runner/.gradle/caches/transforms-4/ceecb5d72c1660454bfd9b97d775bb62/transformed/activity-ktx-1.8.2-runtime.jar because:
  Build cache is disabled
Transforming activity-1.8.2.aar (androidx.activity:activity:1.8.2) with AarToClassTransform
Caching disabled for AarToClassTransform: /home/runner/.gradle/caches/modules-2/files-2.1/androidx.activity/activity/1.8.2/bce54c84024b17c34f9d4cdeaf1ce39d3e750c9e/activity-1.8.2.aar because:
  Build cache is disabled
Transforming activity-1.8.2.aar (androidx.activity:activity:1.8.2) with EnumerateClassesTransform
Downloading https://dl.google.com/dl/android/maven2/androidx/compose/material/material-android/1.6.1/material-android-1.6.1.aar to /home/runner/.gradle/.tmp/gradle_download4211859912870667695bin
Downloading https://dl.google.com/dl/android/maven2/androidx/compose/material3/material3-android/1.2.0/material3-android-1.2.0.aar to /home/runner/.gradle/.tmp/gradle_download5118852272468709657bin
Caching disabled for EnumerateClassesTransform: /home/runner/.gradle/caches/transforms-4/0e0a84294c1023de6d7168a95697d32d/transformed/activity-1.8.2-runtime.jar because:
  Build cache is disabled
Downloading https://dl.google.com/dl/android/maven2/androidx/compose/material/material-icons-core-android/1.6.1/material-icons-core-android-1.6.1.aar to /home/runner/.gradle/.tmp/gradle_download601823766026502907bin
Transforming material-release.aar (androidx.compose.material:material-android:1.6.1) with AarToClassTransform
Downloading https://dl.google.com/dl/android/maven2/androidx/compose/material/material-icons-extended-android/1.6.1/material-icons-extended-android-1.6.1.aar to /home/runner/.gradle/.tmp/gradle_download16751241843489790186bin
Transforming material-icons-core-release.aar (androidx.compose.material:material-icons-core-android:1.6.1) with AarToClassTransform
Caching disabled for AarToClassTransform: /home/runner/.gradle/caches/modules-2/files-2.1/androidx.compose.material/material-android/1.6.1/7657cce2565164cdc3a70c0a61b68591d7bfe1/material-release.aar because:
  Build cache is disabled
Caching disabled for AarToClassTransform: /home/runner/.gradle/caches/modules-2/files-2.1/androidx.compose.material/material-icons-core-android/1.6.1/be6998192dcc7b06531e18c909030ed16b401681/material-icons-core-release.aar because:
  Build cache is disabled
Transforming material3-release.aar (androidx.compose.material3:material3-android:1.2.0) with AarToClassTransform
Caching disabled for AarToClassTransform: /home/runner/.gradle/caches/modules-2/files-2.1/androidx.compose.material3/material3-android/1.2.0/543f77149e0a393bedb444c4382ba9d49a5750ca/material3-release.aar because:
  Build cache is disabled
Transforming material-icons-core-release.aar (androidx.compose.material:material-icons-core-android:1.6.1) with EnumerateClassesTransform
Caching disabled for EnumerateClassesTransform: /home/runner/.gradle/caches/transforms-4/a2bcfb99ee2a034e667dd52af9d194b3/transformed/material-icons-core-release-runtime.jar because:
  Build cache is disabled
Transforming material-release.aar (androidx.compose.material:material-android:1.6.1) with EnumerateClassesTransform
Caching disabled for EnumerateClassesTransform: /home/runner/.gradle/caches/transforms-4/20e7f9c36d1f62c4eb4973196bfd4fa4/transformed/material-release-runtime.jar because:
  Build cache is disabled
Downloading https://dl.google.com/dl/android/maven2/androidx/compose/material/material-ripple-android/1.6.1/material-ripple-android-1.6.1.aar to /home/runner/.gradle/.tmp/gradle_download12857500630237549536bin
Transforming material-ripple-release.aar (androidx.compose.material:material-ripple-android:1.6.1) with AarToClassTransform
Caching disabled for AarToClassTransform: /home/runner/.gradle/caches/modules-2/files-2.1/androidx.compose.material/material-ripple-android/1.6.1/b00045482d0b998be9d580e0b17e0b7d686e37c3/material-ripple-release.aar because:
  Build cache is disabled
Downloading https://dl.google.com/dl/android/maven2/androidx/compose/animation/animation-core-android/1.6.1/animation-core-android-1.6.1.aar to /home/runner/.gradle/.tmp/gradle_download14241567824187803974bin
Transforming material-ripple-release.aar (androidx.compose.material:material-ripple-android:1.6.1) with EnumerateClassesTransform
Caching disabled for EnumerateClassesTransform: /home/runner/.gradle/caches/transforms-4/5f5bb169b324b3a1523fbb4d00554de1/transformed/material-ripple-release-runtime.jar because:
  Build cache is disabled
Downloading https://dl.google.com/dl/android/maven2/androidx/compose/animation/animation-android/1.6.1/animation-android-1.6.1.aar to /home/runner/.gradle/.tmp/gradle_download18156862188599273933bin
Transforming material3-release.aar (androidx.compose.material3:material3-android:1.2.0) with EnumerateClassesTransform
Transforming material-icons-extended-release.aar (androidx.compose.material:material-icons-extended-android:1.6.1) with AarToClassTransform
Transforming animation-release.aar (androidx.compose.animation:animation-android:1.6.1) with AarToClassTransform
Transforming animation-core-release.aar (androidx.compose.animation:animation-core-android:1.6.1) with AarToClassTransform
Caching disabled for AarToClassTransform: /home/runner/.gradle/caches/modules-2/files-2.1/androidx.compose.animation/animation-core-android/1.6.1/e5d2cf7e510ac07874ec0ef1ca8b5c4e7ebdc28a/animation-core-release.aar because:
  Build cache is disabled
Caching disabled for AarToClassTransform: /home/runner/.gradle/caches/modules-2/files-2.1/androidx.compose.animation/animation-android/1.6.1/a4d0c38d866ed0c45ca9bccf3e1a4ea8fbb9bae9/animation-release.aar because:
  Build cache is disabled
Caching disabled for EnumerateClassesTransform: /home/runner/.gradle/caches/transforms-4/873db26e159fe30f4eef91e32b481d5d/transformed/material3-release-runtime.jar because:
  Build cache is disabled
Transforming animation-release.aar (androidx.compose.animation:animation-android:1.6.1) with EnumerateClassesTransform
Transforming animation-core-release.aar (androidx.compose.animation:animation-core-android:1.6.1) with EnumerateClassesTransform
Caching disabled for EnumerateClassesTransform: /home/runner/.gradle/caches/transforms-4/545af4622312d0d569c18d1e2a3f057f/transformed/animation-release-runtime.jar because:
  Build cache is disabled
Downloading https://dl.google.com/dl/android/maven2/androidx/compose/foundation/foundation-android/1.6.1/foundation-android-1.6.1.aar to /home/runner/.gradle/.tmp/gradle_download7606233938357865574bin
Downloading https://dl.google.com/dl/android/maven2/androidx/compose/foundation/foundation-layout-android/1.6.1/foundation-layout-android-1.6.1.aar to /home/runner/.gradle/.tmp/gradle_download4887388001530401745bin
Transforming foundation-layout-release.aar (androidx.compose.foundation:foundation-layout-android:1.6.1) with AarToClassTransform
Caching disabled for AarToClassTransform: /home/runner/.gradle/caches/modules-2/files-2.1/androidx.compose.material/material-icons-extended-android/1.6.1/9fe4638e14538df86c783aee75f0b827da037bbb/material-icons-extended-release.aar because:
  Build cache is disabled
Caching disabled for AarToClassTransform: /home/runner/.gradle/caches/modules-2/files-2.1/androidx.compose.foundation/foundation-layout-android/1.6.1/9043a12f1dcde353155ed4b2932305b86fc0fe6b/foundation-layout-release.aar because:
  Build cache is disabled
Caching disabled for EnumerateClassesTransform: /home/runner/.gradle/caches/transforms-4/8fb4be5f4ca98d001325c462643a866d/transformed/animation-core-release-runtime.jar because:
  Build cache is disabled
Transforming foundation-release.aar (androidx.compose.foundation:foundation-android:1.6.1) with AarToClassTransform
Caching disabled for AarToClassTransform: /home/runner/.gradle/caches/modules-2/files-2.1/androidx.compose.foundation/foundation-android/1.6.1/a63525fef18311b31a1470417478901aee324f57/foundation-release.aar because:
  Build cache is disabled
Downloading https://dl.google.com/dl/android/maven2/androidx/compose/ui/ui-tooling-data-android/1.6.1/ui-tooling-data-android-1.6.1.aar to /home/runner/.gradle/.tmp/gradle_download5014473495764675861bin
Transforming ui-tooling-data-release.aar (androidx.compose.ui:ui-tooling-data-android:1.6.1) with AarToClassTransform
Transforming foundation-layout-release.aar (androidx.compose.foundation:foundation-layout-android:1.6.1) with EnumerateClassesTransform
Caching disabled for AarToClassTransform: /home/runner/.gradle/caches/modules-2/files-2.1/androidx.compose.ui/ui-tooling-data-android/1.6.1/112568b4c982a1858f8e9717e427c300e3588901/ui-tooling-data-release.aar because:
  Build cache is disabled
Transforming ui-tooling-data-release.aar (androidx.compose.ui:ui-tooling-data-android:1.6.1) with EnumerateClassesTransform
Caching disabled for EnumerateClassesTransform: /home/runner/.gradle/caches/transforms-4/d949ced1cde2202a290cc38c6022a6c4/transformed/ui-tooling-data-release-runtime.jar because:
  Build cache is disabled
Caching disabled for EnumerateClassesTransform: /home/runner/.gradle/caches/transforms-4/706d2ed12be14a668b9d746550f1ad61/transformed/foundation-layout-release-runtime.jar because:
  Build cache is disabled
Downloading https://dl.google.com/dl/android/maven2/androidx/compose/ui/ui-unit-android/1.6.1/ui-unit-android-1.6.1.aar to /home/runner/.gradle/.tmp/gradle_download768117874890834011bin
Transforming ui-unit-release.aar (androidx.compose.ui:ui-unit-android:1.6.1) with AarToClassTransform
Caching disabled for AarToClassTransform: /home/runner/.gradle/caches/modules-2/files-2.1/androidx.compose.ui/ui-unit-android/1.6.1/a6d09090502a8682fc3c2b5896c07e7c874973ab/ui-unit-release.aar because:
  Build cache is disabled
Downloading https://dl.google.com/dl/android/maven2/androidx/compose/ui/ui-geometry-android/1.6.1/ui-geometry-android-1.6.1.aar to /home/runner/.gradle/.tmp/gradle_download10968228583120317754bin
Transforming ui-geometry-release.aar (androidx.compose.ui:ui-geometry-android:1.6.1) with AarToClassTransform
Caching disabled for AarToClassTransform: /home/runner/.gradle/caches/modules-2/files-2.1/androidx.compose.ui/ui-geometry-android/1.6.1/1efe25ebc78c587e16ef448b8ff7d9fb08730b91/ui-geometry-release.aar because:
  Build cache is disabled
Transforming ui-unit-release.aar (androidx.compose.ui:ui-unit-android:1.6.1) with EnumerateClassesTransform
Transforming ui-geometry-release.aar (androidx.compose.ui:ui-geometry-android:1.6.1) with EnumerateClassesTransform
Caching disabled for EnumerateClassesTransform: /home/runner/.gradle/caches/transforms-4/c0bda1ea2557b0c279312f781b624374/transformed/ui-unit-release-runtime.jar because:
  Build cache is disabled
Caching disabled for EnumerateClassesTransform: /home/runner/.gradle/caches/transforms-4/afe43eefe7f6e8b5ab59e421efa940a1/transformed/ui-geometry-release-runtime.jar because:
  Build cache is disabled
Downloading https://dl.google.com/dl/android/maven2/androidx/compose/ui/ui-util-android/1.6.1/ui-util-android-1.6.1.aar to /home/runner/.gradle/.tmp/gradle_download17722348705752881236bin
Transforming ui-util-release.aar (androidx.compose.ui:ui-util-android:1.6.1) with AarToClassTransform
Caching disabled for AarToClassTransform: /home/runner/.gradle/caches/modules-2/files-2.1/androidx.compose.ui/ui-util-android/1.6.1/d64459caf0e9d7a9b34049fedb23adcd5fa7367d/ui-util-release.aar because:
  Build cache is disabled
Transforming ui-util-release.aar (androidx.compose.ui:ui-util-android:1.6.1) with EnumerateClassesTransform
Caching disabled for EnumerateClassesTransform: /home/runner/.gradle/caches/transforms-4/92f95cccb42372740b5247d9b37d1adb/transformed/ui-util-release-runtime.jar because:
  Build cache is disabled
Downloading https://dl.google.com/dl/android/maven2/androidx/compose/ui/ui-text-android/1.6.1/ui-text-android-1.6.1.aar to /home/runner/.gradle/.tmp/gradle_download9584415687571634316bin
Downloading https://dl.google.com/dl/android/maven2/androidx/compose/ui/ui-tooling-preview-android/1.6.1/ui-tooling-preview-android-1.6.1.aar to /home/runner/.gradle/.tmp/gradle_download16257881960181372124bin
Transforming ui-text-release.aar (androidx.compose.ui:ui-text-android:1.6.1) with AarToClassTransform
Transforming ui-tooling-preview-release.aar (androidx.compose.ui:ui-tooling-preview-android:1.6.1) with AarToClassTransform
Caching disabled for AarToClassTransform: /home/runner/.gradle/caches/modules-2/files-2.1/androidx.compose.ui/ui-tooling-preview-android/1.6.1/8f1e0e501f270d9575daf0919630b48c59dcc3e4/ui-tooling-preview-release.aar because:
  Build cache is disabled
Transforming foundation-release.aar (androidx.compose.foundation:foundation-android:1.6.1) with EnumerateClassesTransform
Caching disabled for AarToClassTransform: /home/runner/.gradle/caches/modules-2/files-2.1/androidx.compose.ui/ui-text-android/1.6.1/7c69dc472e270a5afa4dbdd6e7e2cc4f33857ee3/ui-text-release.aar because:
  Build cache is disabled
Transforming ui-tooling-preview-release.aar (androidx.compose.ui:ui-tooling-preview-android:1.6.1) with EnumerateClassesTransform
Caching disabled for EnumerateClassesTransform: /home/runner/.gradle/caches/transforms-4/833bdcc2ecd83080243e6ba9f31df77c/transformed/ui-tooling-preview-release-runtime.jar because:
  Build cache is disabled
Caching disabled for EnumerateClassesTransform: /home/runner/.gradle/caches/transforms-4/cfc55e57d250e72736956a2cf24a6257/transformed/foundation-release-runtime.jar because:
  Build cache is disabled
Downloading https://dl.google.com/dl/android/maven2/androidx/compose/ui/ui-graphics-android/1.6.1/ui-graphics-android-1.6.1.aar to /home/runner/.gradle/.tmp/gradle_download2266951384072073036bin
Transforming ui-graphics-release.aar (androidx.compose.ui:ui-graphics-android:1.6.1) with AarToClassTransform
Caching disabled for AarToClassTransform: /home/runner/.gradle/caches/modules-2/files-2.1/androidx.compose.ui/ui-graphics-android/1.6.1/6bb0e4219220791f27c0f57228bb5746595f8a9d/ui-graphics-release.aar because:
  Build cache is disabled
Downloading https://dl.google.com/dl/android/maven2/androidx/compose/ui/ui-test-manifest/1.6.1/ui-test-manifest-1.6.1.aar to /home/runner/.gradle/.tmp/gradle_download4300295730052179450bin
Transforming ui-test-manifest-1.6.1.aar (androidx.compose.ui:ui-test-manifest:1.6.1) with AarToClassTransform
Caching disabled for AarToClassTransform: /home/runner/.gradle/caches/modules-2/files-2.1/androidx.compose.ui/ui-test-manifest/1.6.1/6a14f3e8bef301bc9f40ac2e88650c0662c0c4e8/ui-test-manifest-1.6.1.aar because:
  Build cache is disabled
Transforming ui-text-release.aar (androidx.compose.ui:ui-text-android:1.6.1) with EnumerateClassesTransform
Transforming ui-test-manifest-1.6.1.aar (androidx.compose.ui:ui-test-manifest:1.6.1) with EnumerateClassesTransform
Caching disabled for EnumerateClassesTransform: /home/runner/.gradle/caches/transforms-4/a18594dde615833364f0928b23a4189e/transformed/ui-test-manifest-1.6.1-runtime.jar because:
  Build cache is disabled
Transforming ui-graphics-release.aar (androidx.compose.ui:ui-graphics-android:1.6.1) with EnumerateClassesTransform
Caching disabled for EnumerateClassesTransform: /home/runner/.gradle/caches/transforms-4/624e5167b75e5fa2821b1dfc1d1afd95/transformed/ui-graphics-release-runtime.jar because:
  Build cache is disabled
Caching disabled for EnumerateClassesTransform: /home/runner/.gradle/caches/transforms-4/e56f144e9b84c8799dd9c45c758263f9/transformed/ui-text-release-runtime.jar because:
  Build cache is disabled
Downloading https://dl.google.com/dl/android/maven2/androidx/activity/activity-compose/1.8.2/activity-compose-1.8.2.aar to /home/runner/.gradle/.tmp/gradle_download17855799446128555145bin
Downloading https://dl.google.com/dl/android/maven2/androidx/emoji2/emoji2-views-helper/1.3.0/emoji2-views-helper-1.3.0.aar to /home/runner/.gradle/.tmp/gradle_download18252310045250552121bin
Transforming emoji2-views-helper-1.3.0.aar (androidx.emoji2:emoji2-views-helper:1.3.0) with AarToClassTransform
Caching disabled for AarToClassTransform: /home/runner/.gradle/caches/modules-2/files-2.1/androidx.emoji2/emoji2-views-helper/1.3.0/7bef7c1117bb40ef41ee0641cd1d2d605e2d607c/emoji2-views-helper-1.3.0.aar because:
  Build cache is disabled
Downloading https://dl.google.com/dl/android/maven2/androidx/compose/ui/ui-tooling-android/1.6.1/ui-tooling-android-1.6.1.aar to /home/runner/.gradle/.tmp/gradle_download5396653973922841729bin
Transforming emoji2-views-helper-1.3.0.aar (androidx.emoji2:emoji2-views-helper:1.3.0) with EnumerateClassesTransform
Caching disabled for EnumerateClassesTransform: /home/runner/.gradle/caches/transforms-4/a3b4deca53a68296a8b6a23cace42d0c/transformed/emoji2-views-helper-1.3.0-runtime.jar because:
  Build cache is disabled
Transforming ui-tooling-release.aar (androidx.compose.ui:ui-tooling-android:1.6.1) with AarToClassTransform
Caching disabled for AarToClassTransform: /home/runner/.gradle/caches/modules-2/files-2.1/androidx.compose.ui/ui-tooling-android/1.6.1/c0fa640b36cb9717bb7248d55ece9e09080be8e7/ui-tooling-release.aar because:
  Build cache is disabled
Transforming activity-compose-1.8.2.aar (androidx.activity:activity-compose:1.8.2) with AarToClassTransform
Caching disabled for AarToClassTransform: /home/runner/.gradle/caches/modules-2/files-2.1/androidx.activity/activity-compose/1.8.2/648fbbfd0bd3b85c4de733dd022fc86741477e43/activity-compose-1.8.2.aar because:
  Build cache is disabled
Transforming ui-tooling-release.aar (androidx.compose.ui:ui-tooling-android:1.6.1) with EnumerateClassesTransform
Transforming activity-compose-1.8.2.aar (androidx.activity:activity-compose:1.8.2) with EnumerateClassesTransform
Caching disabled for EnumerateClassesTransform: /home/runner/.gradle/caches/transforms-4/5a7e4745a55b1414dcc6061c21e48fc0/transformed/ui-tooling-release-runtime.jar because:
  Build cache is disabled
Caching disabled for EnumerateClassesTransform: /home/runner/.gradle/caches/transforms-4/c12aa6ff739589575093628b874bbcb8/transformed/activity-compose-1.8.2-runtime.jar because:
  Build cache is disabled
Downloading https://dl.google.com/dl/android/maven2/androidx/emoji2/emoji2/1.3.0/emoji2-1.3.0.aar to /home/runner/.gradle/.tmp/gradle_download4881517587161974812bin
Transforming emoji2-1.3.0.aar (androidx.emoji2:emoji2:1.3.0) with AarToClassTransform
Caching disabled for AarToClassTransform: /home/runner/.gradle/caches/modules-2/files-2.1/androidx.emoji2/emoji2/1.3.0/37ed42991ddf77924510472dba632314aab1c9d9/emoji2-1.3.0.aar because:
  Build cache is disabled
Transforming emoji2-1.3.0.aar (androidx.emoji2:emoji2:1.3.0) with EnumerateClassesTransform
Caching disabled for EnumerateClassesTransform: /home/runner/.gradle/caches/transforms-4/3515cd41f94f52581e14fee18a7b3632/transformed/emoji2-1.3.0-runtime.jar because:
  Build cache is disabled
Downloading https://dl.google.com/dl/android/maven2/androidx/lifecycle/lifecycle-process/2.7.0/lifecycle-process-2.7.0.aar to /home/runner/.gradle/.tmp/gradle_download10667953537838572000bin
Transforming lifecycle-process-2.7.0.aar (androidx.lifecycle:lifecycle-process:2.7.0) with AarToClassTransform
Caching disabled for AarToClassTransform: /home/runner/.gradle/caches/modules-2/files-2.1/androidx.lifecycle/lifecycle-process/2.7.0/10fc9ecc045a9931724c43e710c55680a772d96a/lifecycle-process-2.7.0.aar because:
  Build cache is disabled
Downloading https://dl.google.com/dl/android/maven2/androidx/lifecycle/lifecycle-livedata-core-ktx/2.7.0/lifecycle-livedata-core-ktx-2.7.0.aar to /home/runner/.gradle/.tmp/gradle_download3368883465539925662bin
Transforming lifecycle-livedata-core-ktx-2.7.0.aar (androidx.lifecycle:lifecycle-livedata-core-ktx:2.7.0) with AarToClassTransform
Transforming lifecycle-process-2.7.0.aar (androidx.lifecycle:lifecycle-process:2.7.0) with EnumerateClassesTransform
Caching disabled for AarToClassTransform: /home/runner/.gradle/caches/modules-2/files-2.1/androidx.lifecycle/lifecycle-livedata-core-ktx/2.7.0/746c75e5d0a819d11e255ad137083a51c746e953/lifecycle-livedata-core-ktx-2.7.0.aar because:
  Build cache is disabled
Caching disabled for EnumerateClassesTransform: /home/runner/.gradle/caches/transforms-4/9c23fa4e5e7c73364170b2c45271c6a1/transformed/lifecycle-process-2.7.0-runtime.jar because:
  Build cache is disabled
Transforming lifecycle-livedata-core-ktx-2.7.0.aar (androidx.lifecycle:lifecycle-livedata-core-ktx:2.7.0) with EnumerateClassesTransform
Caching disabled for EnumerateClassesTransform: /home/runner/.gradle/caches/transforms-4/cce90458dd44df1e20319e8b98a0e494/transformed/lifecycle-livedata-core-ktx-2.7.0-runtime.jar because:
  Build cache is disabled
Downloading https://dl.google.com/dl/android/maven2/androidx/lifecycle/lifecycle-livedata-core/2.7.0/lifecycle-livedata-core-2.7.0.aar to /home/runner/.gradle/.tmp/gradle_download10141414105089758238bin
Transforming lifecycle-livedata-core-2.7.0.aar (androidx.lifecycle:lifecycle-livedata-core:2.7.0) with AarToClassTransform
Caching disabled for AarToClassTransform: /home/runner/.gradle/caches/modules-2/files-2.1/androidx.lifecycle/lifecycle-livedata-core/2.7.0/d95c9c0b74a6b9882c416c688f6cf201dc416bed/lifecycle-livedata-core-2.7.0.aar because:
  Build cache is disabled
Transforming lifecycle-livedata-core-2.7.0.aar (androidx.lifecycle:lifecycle-livedata-core:2.7.0) with EnumerateClassesTransform
Caching disabled for EnumerateClassesTransform: /home/runner/.gradle/caches/transforms-4/79fbb6736a85b3a4e9ec582c30bea81a/transformed/lifecycle-livedata-core-2.7.0-runtime.jar because:
  Build cache is disabled
Downloading https://dl.google.com/dl/android/maven2/androidx/lifecycle/lifecycle-livedata/2.7.0/lifecycle-livedata-2.7.0.aar to /home/runner/.gradle/.tmp/gradle_download13256707404645812748bin
Transforming lifecycle-livedata-2.7.0.aar (androidx.lifecycle:lifecycle-livedata:2.7.0) with AarToClassTransform
Transforming lifecycle-livedata-2.7.0.aar (androidx.lifecycle:lifecycle-livedata:2.7.0) with AarToClassTransform
Caching disabled for AarToClassTransform: /home/runner/.gradle/caches/modules-2/files-2.1/androidx.lifecycle/lifecycle-livedata/2.7.0/42ad14e1ee00719636e31a36e8cd50d7ce5c45c6/lifecycle-livedata-2.7.0.aar because:
  Build cache is disabled
Downloading https://dl.google.com/dl/android/maven2/androidx/loader/loader/1.0.0/loader-1.0.0.aar to /home/runner/.gradle/.tmp/gradle_download4839856982349673654bin
Transforming lifecycle-livedata-2.7.0.aar (androidx.lifecycle:lifecycle-livedata:2.7.0) with EnumerateClassesTransform
Caching disabled for EnumerateClassesTransform: /home/runner/.gradle/caches/transforms-4/0355310a1aac821549375d93f67e4300/transformed/lifecycle-livedata-2.7.0-runtime.jar because:
  Build cache is disabled
Transforming lifecycle-livedata-2.7.0.aar (androidx.lifecycle:lifecycle-livedata:2.7.0) with EnumerateClassesTransform
Transforming loader-1.0.0.aar (androidx.loader:loader:1.0.0) with AarToClassTransform
Caching disabled for AarToClassTransform: /home/runner/.gradle/caches/modules-2/files-2.1/androidx.loader/loader/1.0.0/8af8b6cec0da85c207d03e15840e0722cbc71e70/loader-1.0.0.aar because:
  Build cache is disabled
Transforming loader-1.0.0.aar (androidx.loader:loader:1.0.0) with EnumerateClassesTransform
Caching disabled for EnumerateClassesTransform: /home/runner/.gradle/caches/transforms-4/c4d7c4dcbf8b98d6a8b2128281e2c0b4/transformed/loader-1.0.0-runtime.jar because:
  Build cache is disabled
Downloading https://dl.google.com/dl/android/maven2/androidx/savedstate/savedstate-ktx/1.2.1/savedstate-ktx-1.2.1.aar to /home/runner/.gradle/.tmp/gradle_download1332469200707199714bin
Transforming savedstate-ktx-1.2.1.aar (androidx.savedstate:savedstate-ktx:1.2.1) with AarToClassTransform
Caching disabled for AarToClassTransform: /home/runner/.gradle/caches/modules-2/files-2.1/androidx.savedstate/savedstate-ktx/1.2.1/b86d338d91b1c26193a42b1d87be9bb02123fa16/savedstate-ktx-1.2.1.aar because:
  Build cache is disabled
Transforming savedstate-ktx-1.2.1.aar (androidx.savedstate:savedstate-ktx:1.2.1) with EnumerateClassesTransform
Caching disabled for EnumerateClassesTransform: /home/runner/.gradle/caches/transforms-4/f8d83b9ab58bc2c553929daa3e02b6a2/transformed/savedstate-ktx-1.2.1-runtime.jar because:
  Build cache is disabled
Downloading https://dl.google.com/dl/android/maven2/androidx/lifecycle/lifecycle-common/2.7.0/lifecycle-common-2.7.0.jar to /home/runner/.gradle/.tmp/gradle_download8719950547024466078bin
Transforming lifecycle-common-2.7.0.jar (androidx.lifecycle:lifecycle-common:2.7.0) with IdentityTransform
Caching disabled for IdentityTransform: /home/runner/.gradle/caches/modules-2/files-2.1/androidx.lifecycle/lifecycle-common/2.7.0/85334205d65cca70ed0109c3acbd29e22a2d9cb1/lifecycle-common-2.7.0.jar because:
  Build cache is disabled
Transforming lifecycle-common-2.7.0.jar (androidx.lifecycle:lifecycle-common:2.7.0) with EnumerateClassesTransform
Caching disabled for EnumerateClassesTransform: /home/runner/.gradle/caches/modules-2/files-2.1/androidx.lifecycle/lifecycle-common/2.7.0/85334205d65cca70ed0109c3acbd29e22a2d9cb1/lifecycle-common-2.7.0.jar because:
  Build cache is disabled
Downloading https://dl.google.com/dl/android/maven2/androidx/lifecycle/lifecycle-viewmodel-savedstate/2.7.0/lifecycle-viewmodel-savedstate-2.7.0.aar to /home/runner/.gradle/.tmp/gradle_download11245920912780706951bin
Downloading https://dl.google.com/dl/android/maven2/androidx/savedstate/savedstate/1.2.1/savedstate-1.2.1.aar to /home/runner/.gradle/.tmp/gradle_download1581807271887575352bin
Transforming savedstate-1.2.1.aar (androidx.savedstate:savedstate:1.2.1) with AarToClassTransform
Caching disabled for AarToClassTransform: /home/runner/.gradle/caches/modules-2/files-2.1/androidx.savedstate/savedstate/1.2.1/e364fc9dec32aa569d855f85864e50250318a093/savedstate-1.2.1.aar because:
  Build cache is disabled
Transforming lifecycle-viewmodel-savedstate-2.7.0.aar (androidx.lifecycle:lifecycle-viewmodel-savedstate:2.7.0) with AarToClassTransform
Caching disabled for AarToClassTransform: /home/runner/.gradle/caches/modules-2/files-2.1/androidx.lifecycle/lifecycle-viewmodel-savedstate/2.7.0/1fa14bde5efb3a96fa4fb8ced995f7fdfe99dfd/lifecycle-viewmodel-savedstate-2.7.0.aar because:
  Build cache is disabled
Transforming savedstate-1.2.1.aar (androidx.savedstate:savedstate:1.2.1) with EnumerateClassesTransform
Downloading https://dl.google.com/dl/android/maven2/androidx/lifecycle/lifecycle-viewmodel-ktx/2.7.0/lifecycle-viewmodel-ktx-2.7.0.aar to /home/runner/.gradle/.tmp/gradle_download2701977831579950813bin
Transforming lifecycle-viewmodel-ktx-2.7.0.aar (androidx.lifecycle:lifecycle-viewmodel-ktx:2.7.0) with AarToClassTransform
Caching disabled for EnumerateClassesTransform: /home/runner/.gradle/caches/transforms-4/a2da273c2b34bd12c84cab2a90103526/transformed/savedstate-1.2.1-runtime.jar because:
  Build cache is disabled
Caching disabled for AarToClassTransform: /home/runner/.gradle/caches/modules-2/files-2.1/androidx.lifecycle/lifecycle-viewmodel-ktx/2.7.0/421575b66dd75fa2a1bd425f9ab335461dd10721/lifecycle-viewmodel-ktx-2.7.0.aar because:
  Build cache is disabled
Transforming lifecycle-viewmodel-savedstate-2.7.0.aar (androidx.lifecycle:lifecycle-viewmodel-savedstate:2.7.0) with EnumerateClassesTransform
Transforming lifecycle-viewmodel-ktx-2.7.0.aar (androidx.lifecycle:lifecycle-viewmodel-ktx:2.7.0) with EnumerateClassesTransform
Caching disabled for EnumerateClassesTransform: /home/runner/.gradle/caches/transforms-4/3197a08d580f6e4034ad80a30b15d933/transformed/lifecycle-viewmodel-savedstate-2.7.0-runtime.jar because:
  Build cache is disabled
Caching disabled for EnumerateClassesTransform: /home/runner/.gradle/caches/transforms-4/a013d2b38b61d2590b7d54c35bdcab85/transformed/lifecycle-viewmodel-ktx-2.7.0-runtime.jar because:
  Build cache is disabled
Downloading https://dl.google.com/dl/android/maven2/androidx/lifecycle/lifecycle-common-java8/2.7.0/lifecycle-common-java8-2.7.0.jar to /home/runner/.gradle/.tmp/gradle_download3006574274360698444bin
Transforming lifecycle-common-java8-2.7.0.jar (androidx.lifecycle:lifecycle-common-java8:2.7.0) with IdentityTransform
Caching disabled for IdentityTransform: /home/runner/.gradle/caches/modules-2/files-2.1/androidx.lifecycle/lifecycle-common-java8/2.7.0/2ad14aed781c4a73ed4dbb421966d408a0a06686/lifecycle-common-java8-2.7.0.jar because:
  Build cache is disabled
Downloading https://dl.google.com/dl/android/maven2/androidx/lifecycle/lifecycle-viewmodel/2.7.0/lifecycle-viewmodel-2.7.0.aar to /home/runner/.gradle/.tmp/gradle_download6881326721179990510bin
Transforming lifecycle-common-java8-2.7.0.jar (androidx.lifecycle:lifecycle-common-java8:2.7.0) with EnumerateClassesTransform
Caching disabled for EnumerateClassesTransform: /home/runner/.gradle/caches/modules-2/files-2.1/androidx.lifecycle/lifecycle-common-java8/2.7.0/2ad14aed781c4a73ed4dbb421966d408a0a06686/lifecycle-common-java8-2.7.0.jar because:
  Build cache is disabled
Transforming lifecycle-viewmodel-2.7.0.aar (androidx.lifecycle:lifecycle-viewmodel:2.7.0) with AarToClassTransform
Transforming lifecycle-viewmodel-2.7.0.aar (androidx.lifecycle:lifecycle-viewmodel:2.7.0) with AarToClassTransform
Caching disabled for AarToClassTransform: /home/runner/.gradle/caches/modules-2/files-2.1/androidx.lifecycle/lifecycle-viewmodel/2.7.0/ea64fb2e504d200f2b7f03c76f51edd7e9ef62a9/lifecycle-viewmodel-2.7.0.aar because:
  Build cache is disabled
Transforming lifecycle-viewmodel-2.7.0.aar (androidx.lifecycle:lifecycle-viewmodel:2.7.0) with EnumerateClassesTransform
Transforming lifecycle-viewmodel-2.7.0.aar (androidx.lifecycle:lifecycle-viewmodel:2.7.0) with EnumerateClassesTransform
Caching disabled for EnumerateClassesTransform: /home/runner/.gradle/caches/transforms-4/696ef172a16b5c0dd0af8422ed80867c/transformed/lifecycle-viewmodel-2.7.0-runtime.jar because:
  Build cache is disabled
Downloading https://dl.google.com/dl/android/maven2/androidx/lifecycle/lifecycle-runtime-ktx/2.7.0/lifecycle-runtime-ktx-2.7.0.aar to /home/runner/.gradle/.tmp/gradle_download16081971511139622910bin
Transforming lifecycle-runtime-ktx-2.7.0.aar (androidx.lifecycle:lifecycle-runtime-ktx:2.7.0) with AarToClassTransform
Downloading https://dl.google.com/dl/android/maven2/androidx/lifecycle/lifecycle-viewmodel-compose/2.7.0/lifecycle-viewmodel-compose-2.7.0.aar to /home/runner/.gradle/.tmp/gradle_download7884720723001606505bin
Downloading https://dl.google.com/dl/android/maven2/androidx/lifecycle/lifecycle-runtime/2.7.0/lifecycle-runtime-2.7.0.aar to /home/runner/.gradle/.tmp/gradle_download8707210772610876428bin
Transforming lifecycle-viewmodel-compose-2.7.0.aar (androidx.lifecycle:lifecycle-viewmodel-compose:2.7.0) with AarToClassTransform
Caching disabled for AarToClassTransform: /home/runner/.gradle/caches/modules-2/files-2.1/androidx.lifecycle/lifecycle-runtime-ktx/2.7.0/99b5608d5971ae4cb95dea85cd0a2bdb1519b89d/lifecycle-runtime-ktx-2.7.0.aar because:
  Build cache is disabled
Transforming lifecycle-runtime-2.7.0.aar (androidx.lifecycle:lifecycle-runtime:2.7.0) with AarToClassTransform
Caching disabled for AarToClassTransform: /home/runner/.gradle/caches/modules-2/files-2.1/androidx.lifecycle/lifecycle-viewmodel-compose/2.7.0/4b85b0835d9e85593b23862c4c129f31d38ebcd8/lifecycle-viewmodel-compose-2.7.0.aar because:
  Build cache is disabled
Caching disabled for AarToClassTransform: /home/runner/.gradle/caches/modules-2/files-2.1/androidx.lifecycle/lifecycle-runtime/2.7.0/e46d7c73ab6cb3e288f51a0ad96bf372e90ceb31/lifecycle-runtime-2.7.0.aar because:
  Build cache is disabled
Transforming lifecycle-runtime-ktx-2.7.0.aar (androidx.lifecycle:lifecycle-runtime-ktx:2.7.0) with EnumerateClassesTransform
Transforming lifecycle-viewmodel-compose-2.7.0.aar (androidx.lifecycle:lifecycle-viewmodel-compose:2.7.0) with EnumerateClassesTransform
Transforming lifecycle-runtime-2.7.0.aar (androidx.lifecycle:lifecycle-runtime:2.7.0) with EnumerateClassesTransform
Caching disabled for EnumerateClassesTransform: /home/runner/.gradle/caches/transforms-4/386c14eb59d2be1c72e771676ce2846c/transformed/lifecycle-runtime-2.7.0-runtime.jar because:
  Build cache is disabled
Caching disabled for EnumerateClassesTransform: /home/runner/.gradle/caches/transforms-4/67ac480aa4e7d9b0b6c3319aa35e80de/transformed/lifecycle-runtime-ktx-2.7.0-runtime.jar because:
  Build cache is disabled
Caching disabled for EnumerateClassesTransform: /home/runner/.gradle/caches/transforms-4/76be910745a9f0aef57306e04152b7ee/transformed/lifecycle-viewmodel-compose-2.7.0-runtime.jar because:
  Build cache is disabled
Downloading https://dl.google.com/dl/android/maven2/androidx/compose/ui/ui-android/1.6.1/ui-android-1.6.1.aar to /home/runner/.gradle/.tmp/gradle_download13115199870879466375bin
Downloading https://dl.google.com/dl/android/maven2/androidx/viewpager/viewpager/1.0.0/viewpager-1.0.0.aar to /home/runner/.gradle/.tmp/gradle_download16903621313430280227bin
Transforming viewpager-1.0.0.aar (androidx.viewpager:viewpager:1.0.0) with AarToClassTransform
Caching disabled for AarToClassTransform: /home/runner/.gradle/caches/modules-2/files-2.1/androidx.viewpager/viewpager/1.0.0/1f90e13820f96c2fb868f9674079a551678d68b2/viewpager-1.0.0.aar because:
  Build cache is disabled
Downloading https://dl.google.com/dl/android/maven2/androidx/drawerlayout/drawerlayout/1.0.0/drawerlayout-1.0.0.aar to /home/runner/.gradle/.tmp/gradle_download13677302825201877832bin
Transforming drawerlayout-1.0.0.aar (androidx.drawerlayout:drawerlayout:1.0.0) with AarToClassTransform
Caching disabled for AarToClassTransform: /home/runner/.gradle/caches/modules-2/files-2.1/androidx.drawerlayout/drawerlayout/1.0.0/dd02c7e207136e1272b33815cc61e57676ed13a2/drawerlayout-1.0.0.aar because:
  Build cache is disabled
Transforming drawerlayout-1.0.0.aar (androidx.drawerlayout:drawerlayout:1.0.0) with EnumerateClassesTransform
Transforming viewpager-1.0.0.aar (androidx.viewpager:viewpager:1.0.0) with EnumerateClassesTransform
Caching disabled for EnumerateClassesTransform: /home/runner/.gradle/caches/transforms-4/90b4ee2dad87471bca0980b82310445e/transformed/drawerlayout-1.0.0-runtime.jar because:
  Build cache is disabled
Caching disabled for EnumerateClassesTransform: /home/runner/.gradle/caches/transforms-4/c1fe249e6b5b601c2de92f11d7ad03ae/transformed/viewpager-1.0.0-runtime.jar because:
  Build cache is disabled
Transforming ui-release.aar (androidx.compose.ui:ui-android:1.6.1) with AarToClassTransform
Caching disabled for AarToClassTransform: /home/runner/.gradle/caches/modules-2/files-2.1/androidx.compose.ui/ui-android/1.6.1/150572d5402c95cfea6a2462d8863e124d9a5c1c/ui-release.aar because:
  Build cache is disabled
Downloading https://dl.google.com/dl/android/maven2/androidx/customview/customview/1.0.0/customview-1.0.0.aar to /home/runner/.gradle/.tmp/gradle_download2330671051324339340bin
Transforming customview-1.0.0.aar (androidx.customview:customview:1.0.0) with AarToClassTransform
Caching disabled for AarToClassTransform: /home/runner/.gradle/caches/modules-2/files-2.1/androidx.customview/customview/1.0.0/30f5ff6075d112f8076e733b24410e68159735b6/customview-1.0.0.aar because:
  Build cache is disabled
Transforming customview-1.0.0.aar (androidx.customview:customview:1.0.0) with AarToClassTransform
Transforming customview-1.0.0.aar (androidx.customview:customview:1.0.0) with EnumerateClassesTransform
Transforming customview-1.0.0.aar (androidx.customview:customview:1.0.0) with EnumerateClassesTransform
Caching disabled for EnumerateClassesTransform: /home/runner/.gradle/caches/transforms-4/652f9826e371e1db60530b736154e051/transformed/customview-1.0.0-runtime.jar because:
  Build cache is disabled
Transforming customview-1.0.0.aar (androidx.customview:customview:1.0.0) with AarToClassTransform
Transforming customview-1.0.0.aar (androidx.customview:customview:1.0.0) with EnumerateClassesTransform
Transforming ui-release.aar (androidx.compose.ui:ui-android:1.6.1) with EnumerateClassesTransform
Caching disabled for EnumerateClassesTransform: /home/runner/.gradle/caches/transforms-4/1803792240dcdf9f8bc5bc1c4961e2f5/transformed/ui-release-runtime.jar because:
  Build cache is disabled
Downloading https://dl.google.com/dl/android/maven2/androidx/vectordrawable/vectordrawable-animated/1.1.0/vectordrawable-animated-1.1.0.aar to /home/runner/.gradle/.tmp/gradle_download8082903281069948929bin
Transforming vectordrawable-animated-1.1.0.aar (androidx.vectordrawable:vectordrawable-animated:1.1.0) with AarToClassTransform
Caching disabled for AarToClassTransform: /home/runner/.gradle/caches/modules-2/files-2.1/androidx.vectordrawable/vectordrawable-animated/1.1.0/fcda1161354501471c30a4e077af6b5c4d4eddc6/vectordrawable-animated-1.1.0.aar because:
  Build cache is disabled
Transforming vectordrawable-animated-1.1.0.aar (androidx.vectordrawable:vectordrawable-animated:1.1.0) with EnumerateClassesTransform
Caching disabled for EnumerateClassesTransform: /home/runner/.gradle/caches/transforms-4/3e35d54d9e7f3ed5c71781527a3e25d2/transformed/vectordrawable-animated-1.1.0-runtime.jar because:
  Build cache is disabled
Downloading https://dl.google.com/dl/android/maven2/androidx/vectordrawable/vectordrawable/1.1.0/vectordrawable-1.1.0.aar to /home/runner/.gradle/.tmp/gradle_download14118026047708160895bin
Transforming vectordrawable-1.1.0.aar (androidx.vectordrawable:vectordrawable:1.1.0) with AarToClassTransform
Caching disabled for AarToClassTransform: /home/runner/.gradle/caches/modules-2/files-2.1/androidx.vectordrawable/vectordrawable/1.1.0/eac7a364fff534035a2a6cb17770a1288315f69f/vectordrawable-1.1.0.aar because:
  Build cache is disabled
Transforming vectordrawable-1.1.0.aar (androidx.vectordrawable:vectordrawable:1.1.0) with AarToClassTransform
Transforming vectordrawable-1.1.0.aar (androidx.vectordrawable:vectordrawable:1.1.0) with EnumerateClassesTransform
Caching disabled for EnumerateClassesTransform: /home/runner/.gradle/caches/transforms-4/6c23e8d9272b7ef0024a94216918751c/transformed/vectordrawable-1.1.0-runtime.jar because:
  Build cache is disabled
Transforming vectordrawable-1.1.0.aar (androidx.vectordrawable:vectordrawable:1.1.0) with EnumerateClassesTransform
Downloading https://dl.google.com/dl/android/maven2/androidx/autofill/autofill/1.0.0/autofill-1.0.0.aar to /home/runner/.gradle/.tmp/gradle_download5432191443126598674bin
Transforming autofill-1.0.0.aar (androidx.autofill:autofill:1.0.0) with AarToClassTransform
Caching disabled for AarToClassTransform: /home/runner/.gradle/caches/modules-2/files-2.1/androidx.autofill/autofill/1.0.0/d95a6e3b895ad8f037dd01d88c87138b6d5eb507/autofill-1.0.0.aar because:
  Build cache is disabled
Transforming autofill-1.0.0.aar (androidx.autofill:autofill:1.0.0) with EnumerateClassesTransform
Caching disabled for EnumerateClassesTransform: /home/runner/.gradle/caches/transforms-4/2c30d59ce162cad7d1ce4366401e4ccf/transformed/autofill-1.0.0-runtime.jar because:
  Build cache is disabled
Downloading https://dl.google.com/dl/android/maven2/androidx/core/core/1.12.0/core-1.12.0.aar to /home/runner/.gradle/.tmp/gradle_download11018630881692934315bin
Transforming core-1.12.0.aar (androidx.core:core:1.12.0) with AarToClassTransform
Transforming core-1.12.0.aar (androidx.core:core:1.12.0) with AarToClassTransform
Transforming core-1.12.0.aar (androidx.core:core:1.12.0) with AarToClassTransform
Caching disabled for AarToClassTransform: /home/runner/.gradle/caches/modules-2/files-2.1/androidx.core/core/1.12.0/5aa3088ed93ba8ebaea2b8a83befdfa829339e7a/core-1.12.0.aar because:
  Build cache is disabled
Transforming core-1.12.0.aar (androidx.core:core:1.12.0) with EnumerateClassesTransform
Transforming core-1.12.0.aar (androidx.core:core:1.12.0) with EnumerateClassesTransform
Transforming core-1.12.0.aar (androidx.core:core:1.12.0) with EnumerateClassesTransform
Caching disabled for EnumerateClassesTransform: /home/runner/.gradle/caches/transforms-4/3b50ab631bf0697fa99a25e418b4c4fd/transformed/core-1.12.0-runtime.jar because:
  Build cache is disabled
Downloading https://dl.google.com/dl/android/maven2/androidx/datastore/datastore-preferences/1.0.0/datastore-preferences-1.0.0.aar to /home/runner/.gradle/.tmp/gradle_download12214274630290413705bin
Transforming datastore-preferences-1.0.0.aar (androidx.datastore:datastore-preferences:1.0.0) with AarToClassTransform
Caching disabled for AarToClassTransform: /home/runner/.gradle/caches/modules-2/files-2.1/androidx.datastore/datastore-preferences/1.0.0/246d3fe6a8fad89cb125347cd3e66c25c09b791d/datastore-preferences-1.0.0.aar because:
  Build cache is disabled
Transforming datastore-preferences-1.0.0.aar (androidx.datastore:datastore-preferences:1.0.0) with EnumerateClassesTransform
Caching disabled for EnumerateClassesTransform: /home/runner/.gradle/caches/transforms-4/41d72cfd70108a4da81fc9e7fa920509/transformed/datastore-preferences-1.0.0-runtime.jar because:
  Build cache is disabled
Downloading https://dl.google.com/dl/android/maven2/androidx/customview/customview-poolingcontainer/1.0.0/customview-poolingcontainer-1.0.0.aar to /home/runner/.gradle/.tmp/gradle_download3325144930488684086bin
Transforming customview-poolingcontainer-1.0.0.aar (androidx.customview:customview-poolingcontainer:1.0.0) with AarToClassTransform
Caching disabled for AarToClassTransform: /home/runner/.gradle/caches/modules-2/files-2.1/androidx.customview/customview-poolingcontainer/1.0.0/579fc832cf0e5be08d8d9571850b50d22d9de3c/customview-poolingcontainer-1.0.0.aar because:
  Build cache is disabled
Downloading https://dl.google.com/dl/android/maven2/androidx/core/core-ktx/1.12.0/core-ktx-1.12.0.aar to /home/runner/.gradle/.tmp/gradle_download14992425836375564109bin
Transforming customview-poolingcontainer-1.0.0.aar (androidx.customview:customview-poolingcontainer:1.0.0) with EnumerateClassesTransform
Caching disabled for EnumerateClassesTransform: /home/runner/.gradle/caches/transforms-4/fc5b0ced64a0b0bf73be0810f6a517d4/transformed/customview-poolingcontainer-1.0.0-runtime.jar because:
  Build cache is disabled
Transforming core-ktx-1.12.0.aar (androidx.core:core-ktx:1.12.0) with AarToClassTransform
Caching disabled for AarToClassTransform: /home/runner/.gradle/caches/modules-2/files-2.1/androidx.core/core-ktx/1.12.0/1b80a40d6f34eb52c8de87c186feb57aa2a43ada/core-ktx-1.12.0.aar because:
  Build cache is disabled
Downloading https://dl.google.com/dl/android/maven2/androidx/datastore/datastore/1.0.0/datastore-1.0.0.aar to /home/runner/.gradle/.tmp/gradle_download17225666367431828439bin
Transforming core-ktx-1.12.0.aar (androidx.core:core-ktx:1.12.0) with EnumerateClassesTransform
Caching disabled for EnumerateClassesTransform: /home/runner/.gradle/caches/transforms-4/7adb7d33f1173470f0750ce64c772df4/transformed/core-ktx-1.12.0-runtime.jar because:
  Build cache is disabled
Transforming datastore-1.0.0.aar (androidx.datastore:datastore:1.0.0) with AarToClassTransform
Caching disabled for AarToClassTransform: /home/runner/.gradle/caches/modules-2/files-2.1/androidx.datastore/datastore/1.0.0/3de4862f268c702e0f09e1bc26fa347da3ae33be/datastore-1.0.0.aar because:
  Build cache is disabled
Transforming datastore-1.0.0.aar (androidx.datastore:datastore:1.0.0) with EnumerateClassesTransform
Caching disabled for EnumerateClassesTransform: /home/runner/.gradle/caches/transforms-4/0c2490243422effa546bf11967e17368/transformed/datastore-1.0.0-runtime.jar because:
  Build cache is disabled
Downloading https://dl.google.com/dl/android/maven2/androidx/datastore/datastore-preferences-core/1.0.0/datastore-preferences-core-1.0.0.jar to /home/runner/.gradle/.tmp/gradle_download13772266804860056708bin
Downloading https://repo.maven.apache.org/maven2/org/jetbrains/kotlinx/kotlinx-serialization-core-jvm/1.6.2/kotlinx-serialization-core-jvm-1.6.2.jar to /home/runner/.gradle/.tmp/gradle_download5199101491672600597bin
Transforming kotlinx-serialization-core-jvm-1.6.2.jar (org.jetbrains.kotlinx:kotlinx-serialization-core-jvm:1.6.2) with IdentityTransform
Downloading https://repo.maven.apache.org/maven2/org/jetbrains/kotlinx/kotlinx-serialization-json-jvm/1.6.2/kotlinx-serialization-json-jvm-1.6.2.jar to /home/runner/.gradle/.tmp/gradle_download12570445519223051169bin
Caching disabled for IdentityTransform: /home/runner/.gradle/caches/modules-2/files-2.1/org.jetbrains.kotlinx/kotlinx-serialization-core-jvm/1.6.2/384c2492c987f1d92bfa186580de058c284b2ad9/kotlinx-serialization-core-jvm-1.6.2.jar because:
  Build cache is disabled
Transforming datastore-preferences-core-1.0.0.jar (androidx.datastore:datastore-preferences-core:1.0.0) with IdentityTransform
Transforming kotlinx-serialization-json-jvm-1.6.2.jar (org.jetbrains.kotlinx:kotlinx-serialization-json-jvm:1.6.2) with IdentityTransform
Caching disabled for IdentityTransform: /home/runner/.gradle/caches/modules-2/files-2.1/androidx.datastore/datastore-preferences-core/1.0.0/403f64499b9a8994f5f7010329ddd1ee5c919ed5/datastore-preferences-core-1.0.0.jar because:
  Build cache is disabled
Transforming kotlinx-serialization-core-jvm-1.6.2.jar (org.jetbrains.kotlinx:kotlinx-serialization-core-jvm:1.6.2) with EnumerateClassesTransform
Caching disabled for IdentityTransform: /home/runner/.gradle/caches/modules-2/files-2.1/org.jetbrains.kotlinx/kotlinx-serialization-json-jvm/1.6.2/8f4df208edf91a3012e7a27ccd02f386d4bfc8c6/kotlinx-serialization-json-jvm-1.6.2.jar because:
  Build cache is disabled
Transforming kotlinx-serialization-json-jvm-1.6.2.jar (org.jetbrains.kotlinx:kotlinx-serialization-json-jvm:1.6.2) with EnumerateClassesTransform
Transforming datastore-preferences-core-1.0.0.jar (androidx.datastore:datastore-preferences-core:1.0.0) with EnumerateClassesTransform
Caching disabled for EnumerateClassesTransform: /home/runner/.gradle/caches/modules-2/files-2.1/org.jetbrains.kotlinx/kotlinx-serialization-json-jvm/1.6.2/8f4df208edf91a3012e7a27ccd02f386d4bfc8c6/kotlinx-serialization-json-jvm-1.6.2.jar because:
  Build cache is disabled
Caching disabled for EnumerateClassesTransform: /home/runner/.gradle/caches/modules-2/files-2.1/org.jetbrains.kotlinx/kotlinx-serialization-core-jvm/1.6.2/384c2492c987f1d92bfa186580de058c284b2ad9/kotlinx-serialization-core-jvm-1.6.2.jar because:
  Build cache is disabled
Caching disabled for EnumerateClassesTransform: /home/runner/.gradle/caches/modules-2/files-2.1/androidx.datastore/datastore-preferences-core/1.0.0/403f64499b9a8994f5f7010329ddd1ee5c919ed5/datastore-preferences-core-1.0.0.jar because:
  Build cache is disabled
Downloading https://repo.maven.apache.org/maven2/org/jetbrains/kotlinx/kotlinx-coroutines-guava/1.7.3/kotlinx-coroutines-guava-1.7.3.jar to /home/runner/.gradle/.tmp/gradle_download9963604979730068118bin
Transforming kotlinx-coroutines-guava-1.7.3.jar (org.jetbrains.kotlinx:kotlinx-coroutines-guava:1.7.3) with IdentityTransform
Caching disabled for IdentityTransform: /home/runner/.gradle/caches/modules-2/files-2.1/org.jetbrains.kotlinx/kotlinx-coroutines-guava/1.7.3/d2806017c50d6fac50268b2f13c11c1b9af306c7/kotlinx-coroutines-guava-1.7.3.jar because:
  Build cache is disabled
Downloading https://dl.google.com/dl/android/maven2/androidx/compose/runtime/runtime-saveable-android/1.6.1/runtime-saveable-android-1.6.1.aar to /home/runner/.gradle/.tmp/gradle_download11931523336283040694bin
Transforming runtime-saveable-release.aar (androidx.compose.runtime:runtime-saveable-android:1.6.1) with AarToClassTransform
Caching disabled for AarToClassTransform: /home/runner/.gradle/caches/modules-2/files-2.1/androidx.compose.runtime/runtime-saveable-android/1.6.1/bd8fa4b047da4388a2303e7f8a250fcd384fc603/runtime-saveable-release.aar because:
  Build cache is disabled
Transforming runtime-saveable-release.aar (androidx.compose.runtime:runtime-saveable-android:1.6.1) with EnumerateClassesTransform
Caching disabled for EnumerateClassesTransform: /home/runner/.gradle/caches/transforms-4/1b2af9a6cd2dc6d76a4890f4042a8125/transformed/runtime-saveable-release-runtime.jar because:
  Build cache is disabled
Transforming material-icons-extended-release.aar (androidx.compose.material:material-icons-extended-android:1.6.1) with EnumerateClassesTransform
Transforming kotlinx-coroutines-guava-1.7.3.jar (org.jetbrains.kotlinx:kotlinx-coroutines-guava:1.7.3) with EnumerateClassesTransform
Caching disabled for EnumerateClassesTransform: /home/runner/.gradle/caches/modules-2/files-2.1/org.jetbrains.kotlinx/kotlinx-coroutines-guava/1.7.3/d2806017c50d6fac50268b2f13c11c1b9af306c7/kotlinx-coroutines-guava-1.7.3.jar because:
  Build cache is disabled
Downloading https://dl.google.com/dl/android/maven2/androidx/compose/runtime/runtime-android/1.6.1/runtime-android-1.6.1.aar to /home/runner/.gradle/.tmp/gradle_download13603600788354686488bin
Downloading https://repo.maven.apache.org/maven2/org/jetbrains/kotlinx/kotlinx-coroutines-core-jvm/1.7.3/kotlinx-coroutines-core-jvm-1.7.3.jar to /home/runner/.gradle/.tmp/gradle_download1290371253886328218bin
Downloading https://dl.google.com/dl/android/maven2/androidx/datastore/datastore-core/1.0.0/datastore-core-1.0.0.jar to /home/runner/.gradle/.tmp/gradle_download4440930836264842930bin
Transforming datastore-core-1.0.0.jar (androidx.datastore:datastore-core:1.0.0) with IdentityTransform
Caching disabled for IdentityTransform: /home/runner/.gradle/caches/modules-2/files-2.1/androidx.datastore/datastore-core/1.0.0/91b04fb657294e2906d95dce6a9e5a851f6125c1/datastore-core-1.0.0.jar because:
  Build cache is disabled
Transforming runtime-release.aar (androidx.compose.runtime:runtime-android:1.6.1) with AarToClassTransform
Transforming kotlinx-coroutines-core-jvm-1.7.3.jar (org.jetbrains.kotlinx:kotlinx-coroutines-core-jvm:1.7.3) with IdentityTransform
Transforming datastore-core-1.0.0.jar (androidx.datastore:datastore-core:1.0.0) with EnumerateClassesTransform
Caching disabled for AarToClassTransform: /home/runner/.gradle/caches/modules-2/files-2.1/androidx.compose.runtime/runtime-android/1.6.1/db1d0632af23b5d8c164310e55be4685b7d53c66/runtime-release.aar because:
  Build cache is disabled
Caching disabled for IdentityTransform: /home/runner/.gradle/caches/modules-2/files-2.1/org.jetbrains.kotlinx/kotlinx-coroutines-core-jvm/1.7.3/2b09627576f0989a436a00a4a54b55fa5026fb86/kotlinx-coroutines-core-jvm-1.7.3.jar because:
  Build cache is disabled
Caching disabled for EnumerateClassesTransform: /home/runner/.gradle/caches/modules-2/files-2.1/androidx.datastore/datastore-core/1.0.0/91b04fb657294e2906d95dce6a9e5a851f6125c1/datastore-core-1.0.0.jar because:
  Build cache is disabled
Transforming kotlinx-coroutines-core-jvm-1.7.3.jar (org.jetbrains.kotlinx:kotlinx-coroutines-core-jvm:1.7.3) with EnumerateClassesTransform
Downloading https://repo.maven.apache.org/maven2/org/jetbrains/kotlinx/kotlinx-coroutines-android/1.7.3/kotlinx-coroutines-android-1.7.3.jar to /home/runner/.gradle/.tmp/gradle_download13805682063073792609bin
Transforming kotlinx-coroutines-android-1.7.3.jar (org.jetbrains.kotlinx:kotlinx-coroutines-android:1.7.3) with IdentityTransform
Caching disabled for IdentityTransform: /home/runner/.gradle/caches/modules-2/files-2.1/org.jetbrains.kotlinx/kotlinx-coroutines-android/1.7.3/38d9cad3a0b03a10453b56577984bdeb48edeed5/kotlinx-coroutines-android-1.7.3.jar because:
  Build cache is disabled
Transforming kotlinx-coroutines-android-1.7.3.jar (org.jetbrains.kotlinx:kotlinx-coroutines-android:1.7.3) with EnumerateClassesTransform
Caching disabled for EnumerateClassesTransform: /home/runner/.gradle/caches/modules-2/files-2.1/org.jetbrains.kotlinx/kotlinx-coroutines-android/1.7.3/38d9cad3a0b03a10453b56577984bdeb48edeed5/kotlinx-coroutines-android-1.7.3.jar because:
  Build cache is disabled
Caching disabled for EnumerateClassesTransform: /home/runner/.gradle/caches/modules-2/files-2.1/org.jetbrains.kotlinx/kotlinx-coroutines-core-jvm/1.7.3/2b09627576f0989a436a00a4a54b55fa5026fb86/kotlinx-coroutines-core-jvm-1.7.3.jar because:
  Build cache is disabled
Transforming runtime-release.aar (androidx.compose.runtime:runtime-android:1.6.1) with EnumerateClassesTransform
Downloading https://repo.maven.apache.org/maven2/org/jetbrains/kotlin/kotlin-stdlib-jdk8/1.9.22/kotlin-stdlib-jdk8-1.9.22.jar to /home/runner/.gradle/.tmp/gradle_download6029056333002761331bin
Transforming kotlin-stdlib-jdk8-1.9.22.jar (org.jetbrains.kotlin:kotlin-stdlib-jdk8:1.9.22) with IdentityTransform
Caching disabled for EnumerateClassesTransform: /home/runner/.gradle/caches/transforms-4/f7fffba4d3601a313c46e9bf0284e952/transformed/runtime-release-runtime.jar because:
  Build cache is disabled
Caching disabled for IdentityTransform: /home/runner/.gradle/caches/modules-2/files-2.1/org.jetbrains.kotlin/kotlin-stdlib-jdk8/1.9.22/dea0c11e2fa503ab891c8a090e3b54754472975d/kotlin-stdlib-jdk8-1.9.22.jar because:
  Build cache is disabled
Transforming kotlin-stdlib-jdk8-1.9.22.jar (org.jetbrains.kotlin:kotlin-stdlib-jdk8:1.9.22) with EnumerateClassesTransform
Caching disabled for EnumerateClassesTransform: /home/runner/.gradle/caches/modules-2/files-2.1/org.jetbrains.kotlin/kotlin-stdlib-jdk8/1.9.22/dea0c11e2fa503ab891c8a090e3b54754472975d/kotlin-stdlib-jdk8-1.9.22.jar because:
  Build cache is disabled
Downloading https://repo.maven.apache.org/maven2/org/jetbrains/kotlin/kotlin-stdlib-jdk7/1.9.22/kotlin-stdlib-jdk7-1.9.22.jar to /home/runner/.gradle/.tmp/gradle_download10245468882644833744bin
Transforming kotlin-stdlib-jdk7-1.9.22.jar (org.jetbrains.kotlin:kotlin-stdlib-jdk7:1.9.22) with IdentityTransform
Caching disabled for IdentityTransform: /home/runner/.gradle/caches/modules-2/files-2.1/org.jetbrains.kotlin/kotlin-stdlib-jdk7/1.9.22/c4b17283ad7939e778989663f8301d871987fa5e/kotlin-stdlib-jdk7-1.9.22.jar because:
  Build cache is disabled
Transforming kotlin-stdlib-jdk7-1.9.22.jar (org.jetbrains.kotlin:kotlin-stdlib-jdk7:1.9.22) with EnumerateClassesTransform
Caching disabled for EnumerateClassesTransform: /home/runner/.gradle/caches/modules-2/files-2.1/org.jetbrains.kotlin/kotlin-stdlib-jdk7/1.9.22/c4b17283ad7939e778989663f8301d871987fa5e/kotlin-stdlib-jdk7-1.9.22.jar because:
  Build cache is disabled
Downloading https://repo.maven.apache.org/maven2/io/github/aakira/napier-android-debug/1.4.1/napier-android-debug-1.4.1.aar to /home/runner/.gradle/.tmp/gradle_download7576817083540864322bin
Transforming napier-debug.aar (io.github.aakira:napier-android-debug:1.4.1) with AarToClassTransform
Caching disabled for AarToClassTransform: /home/runner/.gradle/caches/modules-2/files-2.1/io.github.aakira/napier-android-debug/1.4.1/be6756e5c48c1e7a899d8b7f1e8f5ccb69481ea6/napier-debug.aar because:
  Build cache is disabled
Transforming napier-debug.aar (io.github.aakira:napier-android-debug:1.4.1) with EnumerateClassesTransform
Caching disabled for EnumerateClassesTransform: /home/runner/.gradle/caches/transforms-4/c62b6d2124bd6e450b13a0f9c28feb51/transformed/napier-debug-runtime.jar because:
  Build cache is disabled
Downloading https://dl.google.com/dl/android/maven2/androidx/annotation/annotation-experimental/1.4.0/annotation-experimental-1.4.0.aar to /home/runner/.gradle/.tmp/gradle_download16634427749057021232bin
Transforming annotation-experimental-1.4.0.aar (androidx.annotation:annotation-experimental:1.4.0) with AarToClassTransform
Caching disabled for AarToClassTransform: /home/runner/.gradle/caches/modules-2/files-2.1/androidx.annotation/annotation-experimental/1.4.0/c7a2038d831d0cfbfb9a440890b287c2e839ecf/annotation-experimental-1.4.0.aar because:
  Build cache is disabled
Transforming annotation-experimental-1.4.0.aar (androidx.annotation:annotation-experimental:1.4.0) with EnumerateClassesTransform
Caching disabled for EnumerateClassesTransform: /home/runner/.gradle/caches/transforms-4/32cde8c335cf32407a3068ed4c70ebe4/transformed/annotation-experimental-1.4.0-runtime.jar because:
  Build cache is disabled
Downloading https://dl.google.com/dl/android/maven2/androidx/collection/collection-ktx/1.4.0/collection-ktx-1.4.0.jar to /home/runner/.gradle/.tmp/gradle_download422533208428974714bin
Downloading https://dl.google.com/dl/android/maven2/androidx/versionedparcelable/versionedparcelable/1.1.1/versionedparcelable-1.1.1.aar to /home/runner/.gradle/.tmp/gradle_download13038751020459649968bin
Downloading https://dl.google.com/dl/android/maven2/androidx/collection/collection-jvm/1.4.0/collection-jvm-1.4.0.jar to /home/runner/.gradle/.tmp/gradle_download12283805143729269524bin
Transforming collection-ktx-1.4.0.jar (androidx.collection:collection-ktx:1.4.0) with IdentityTransform
Caching disabled for IdentityTransform: /home/runner/.gradle/caches/modules-2/files-2.1/androidx.collection/collection-ktx/1.4.0/2ad14aed781c4a73ed4dbb421966d408a0a06686/collection-ktx-1.4.0.jar because:
  Build cache is disabled
Transforming versionedparcelable-1.1.1.aar (androidx.versionedparcelable:versionedparcelable:1.1.1) with AarToClassTransform
Caching disabled for AarToClassTransform: /home/runner/.gradle/caches/modules-2/files-2.1/androidx.versionedparcelable/versionedparcelable/1.1.1/18e18071e7715679e0593c570217edeb5ca48b9e/versionedparcelable-1.1.1.aar because:
  Build cache is disabled
Transforming collection-ktx-1.4.0.jar (androidx.collection:collection-ktx:1.4.0) with EnumerateClassesTransform
Caching disabled for EnumerateClassesTransform: /home/runner/.gradle/caches/modules-2/files-2.1/androidx.collection/collection-ktx/1.4.0/2ad14aed781c4a73ed4dbb421966d408a0a06686/collection-ktx-1.4.0.jar because:
  Build cache is disabled
Transforming versionedparcelable-1.1.1.aar (androidx.versionedparcelable:versionedparcelable:1.1.1) with EnumerateClassesTransform
Caching disabled for EnumerateClassesTransform: /home/runner/.gradle/caches/transforms-4/963c67e9fbf8127aa9936cb1de3aa31e/transformed/versionedparcelable-1.1.1-runtime.jar because:
  Build cache is disabled
Transforming collection-jvm-1.4.0.jar (androidx.collection:collection-jvm:1.4.0) with IdentityTransform
Caching disabled for IdentityTransform: /home/runner/.gradle/caches/modules-2/files-2.1/androidx.collection/collection-jvm/1.4.0/e209fb7bd1183032f55a0408121c6251a81acb49/collection-jvm-1.4.0.jar because:
  Build cache is disabled
Transforming collection-jvm-1.4.0.jar (androidx.collection:collection-jvm:1.4.0) with EnumerateClassesTransform
Downloading https://dl.google.com/dl/android/maven2/androidx/exifinterface/exifinterface/1.3.6/exifinterface-1.3.6.aar to /home/runner/.gradle/.tmp/gradle_download9253916745918600966bin
Transforming exifinterface-1.3.6.aar (androidx.exifinterface:exifinterface:1.3.6) with AarToClassTransform
Caching disabled for AarToClassTransform: /home/runner/.gradle/caches/modules-2/files-2.1/androidx.exifinterface/exifinterface/1.3.6/66c4f85fbe44c6556b05ecd28ea1af00cff3655e/exifinterface-1.3.6.aar because:
  Build cache is disabled
Caching disabled for EnumerateClassesTransform: /home/runner/.gradle/caches/modules-2/files-2.1/androidx.collection/collection-jvm/1.4.0/e209fb7bd1183032f55a0408121c6251a81acb49/collection-jvm-1.4.0.jar because:
  Build cache is disabled
Transforming exifinterface-1.3.6.aar (androidx.exifinterface:exifinterface:1.3.6) with AarToClassTransform
Transforming exifinterface-1.3.6.aar (androidx.exifinterface:exifinterface:1.3.6) with EnumerateClassesTransform
Transforming exifinterface-1.3.6.aar (androidx.exifinterface:exifinterface:1.3.6) with EnumerateClassesTransform
Caching disabled for EnumerateClassesTransform: /home/runner/.gradle/caches/transforms-4/a0deb8b68432b867b4d203ede4fe806d/transformed/exifinterface-1.3.6-runtime.jar because:
  Build cache is disabled
Downloading https://dl.google.com/dl/android/maven2/com/google/firebase/firebase-components/16.1.0/firebase-components-16.1.0.aar to /home/runner/.gradle/.tmp/gradle_download15397931965296514291bin
Transforming firebase-components-16.1.0.aar (com.google.firebase:firebase-components:16.1.0) with AarToClassTransform
Caching disabled for AarToClassTransform: /home/runner/.gradle/caches/modules-2/files-2.1/com.google.firebase/firebase-components/16.1.0/7deeb3bf69a36aca993de511a66185057d368f1/firebase-components-16.1.0.aar because:
  Build cache is disabled
Transforming firebase-components-16.1.0.aar (com.google.firebase:firebase-components:16.1.0) with AarToClassTransform
Transforming firebase-components-16.1.0.aar (com.google.firebase:firebase-components:16.1.0) with EnumerateClassesTransform
Transforming firebase-components-16.1.0.aar (com.google.firebase:firebase-components:16.1.0) with EnumerateClassesTransform
Caching disabled for EnumerateClassesTransform: /home/runner/.gradle/caches/transforms-4/0dd8a7a80e19ba4696a6262b764271dc/transformed/firebase-components-16.1.0-runtime.jar because:
  Build cache is disabled
Caching disabled for EnumerateClassesTransform: /home/runner/.gradle/caches/transforms-4/a10c92c76547523057735f74d996a7be/transformed/material-icons-extended-release-runtime.jar because:
  Build cache is disabled
Downloading https://dl.google.com/dl/android/maven2/com/google/mediapipe/tasks-vision/0.10.14/tasks-vision-0.10.14.aar to /home/runner/.gradle/.tmp/gradle_download8829128429416978174bin
Downloading https://dl.google.com/dl/android/maven2/androidx/interpolator/interpolator/1.0.0/interpolator-1.0.0.aar to /home/runner/.gradle/.tmp/gradle_download12950564415970398137bin
Transforming interpolator-1.0.0.aar (androidx.interpolator:interpolator:1.0.0) with AarToClassTransform
Transforming interpolator-1.0.0.aar (androidx.interpolator:interpolator:1.0.0) with AarToClassTransform
Caching disabled for AarToClassTransform: /home/runner/.gradle/caches/modules-2/files-2.1/androidx.interpolator/interpolator/1.0.0/8a01fa254a23b9388571eb6334b03707c7d122d7/interpolator-1.0.0.aar because:
  Build cache is disabled
Transforming interpolator-1.0.0.aar (androidx.interpolator:interpolator:1.0.0) with EnumerateClassesTransform
Transforming interpolator-1.0.0.aar (androidx.interpolator:interpolator:1.0.0) with EnumerateClassesTransform
Caching disabled for EnumerateClassesTransform: /home/runner/.gradle/caches/transforms-4/9957011c4ad036b06a761035e04e53e8/transformed/interpolator-1.0.0-runtime.jar because:
  Build cache is disabled
Downloading https://dl.google.com/dl/android/maven2/androidx/profileinstaller/profileinstaller/1.3.0/profileinstaller-1.3.0.aar to /home/runner/.gradle/.tmp/gradle_download3151356690662614417bin
Transforming profileinstaller-1.3.0.aar (androidx.profileinstaller:profileinstaller:1.3.0) with AarToClassTransform
Caching disabled for AarToClassTransform: /home/runner/.gradle/caches/modules-2/files-2.1/androidx.profileinstaller/profileinstaller/1.3.0/624641814089cd7bebf427aafa68ac089fb38261/profileinstaller-1.3.0.aar because:
  Build cache is disabled
Transforming profileinstaller-1.3.0.aar (androidx.profileinstaller:profileinstaller:1.3.0) with EnumerateClassesTransform
Caching disabled for EnumerateClassesTransform: /home/runner/.gradle/caches/transforms-4/3c6c1f318d3a130d35af97289469527e/transformed/profileinstaller-1.3.0-runtime.jar because:
  Build cache is disabled
Downloading https://dl.google.com/dl/android/maven2/androidx/arch/core/core-common/2.2.0/core-common-2.2.0.jar to /home/runner/.gradle/.tmp/gradle_download5931504082234750174bin
Transforming core-common-2.2.0.jar (androidx.arch.core:core-common:2.2.0) with IdentityTransform
Caching disabled for IdentityTransform: /home/runner/.gradle/caches/modules-2/files-2.1/androidx.arch.core/core-common/2.2.0/5e1b8b81dfd5f52c56a8d53b18ca759c19a301f3/core-common-2.2.0.jar because:
  Build cache is disabled
Transforming core-common-2.2.0.jar (androidx.arch.core:core-common:2.2.0) with EnumerateClassesTransform
Caching disabled for EnumerateClassesTransform: /home/runner/.gradle/caches/modules-2/files-2.1/androidx.arch.core/core-common/2.2.0/5e1b8b81dfd5f52c56a8d53b18ca759c19a301f3/core-common-2.2.0.jar because:
  Build cache is disabled
Downloading https://dl.google.com/dl/android/maven2/androidx/arch/core/core-runtime/2.2.0/core-runtime-2.2.0.aar to /home/runner/.gradle/.tmp/gradle_download2643822403177101189bin
Transforming core-runtime-2.2.0.aar (androidx.arch.core:core-runtime:2.2.0) with AarToClassTransform
Caching disabled for AarToClassTransform: /home/runner/.gradle/caches/modules-2/files-2.1/androidx.arch.core/core-runtime/2.2.0/39705982680d78556b679ef9d5400d4f17509b0b/core-runtime-2.2.0.aar because:
  Build cache is disabled
Transforming core-runtime-2.2.0.aar (androidx.arch.core:core-runtime:2.2.0) with EnumerateClassesTransform
Caching disabled for EnumerateClassesTransform: /home/runner/.gradle/caches/transforms-4/3046f46e8270312259aec1acc4469c08/transformed/core-runtime-2.2.0-runtime.jar because:
  Build cache is disabled
Downloading https://dl.google.com/dl/android/maven2/com/google/android/datatransport/transport-backend-cct/3.1.0/transport-backend-cct-3.1.0.aar to /home/runner/.gradle/.tmp/gradle_download14539743859145822698bin
Transforming transport-backend-cct-3.1.0.aar (com.google.android.datatransport:transport-backend-cct:3.1.0) with AarToClassTransform
Transforming transport-backend-cct-3.1.0.aar (com.google.android.datatransport:transport-backend-cct:3.1.0) with AarToClassTransform
Caching disabled for AarToClassTransform: /home/runner/.gradle/caches/modules-2/files-2.1/com.google.android.datatransport/transport-backend-cct/3.1.0/567e2d5973c8fad86afdcca8e270e968647fec3/transport-backend-cct-3.1.0.aar because:
  Build cache is disabled
Transforming transport-backend-cct-3.1.0.aar (com.google.android.datatransport:transport-backend-cct:3.1.0) with EnumerateClassesTransform
Transforming transport-backend-cct-3.1.0.aar (com.google.android.datatransport:transport-backend-cct:3.1.0) with EnumerateClassesTransform
Caching disabled for EnumerateClassesTransform: /home/runner/.gradle/caches/transforms-4/8673eea071fe3443919de89be086863d/transformed/transport-backend-cct-3.1.0-runtime.jar because:
  Build cache is disabled
Transforming transport-backend-cct-3.1.0.aar (com.google.android.datatransport:transport-backend-cct:3.1.0) with AarToClassTransform
Transforming transport-backend-cct-3.1.0.aar (com.google.android.datatransport:transport-backend-cct:3.1.0) with EnumerateClassesTransform
Downloading https://dl.google.com/dl/android/maven2/com/google/mediapipe/tasks-core/0.10.14/tasks-core-0.10.14.aar to /home/runner/.gradle/.tmp/gradle_download15804055839310051852bin
Downloading https://dl.google.com/dl/android/maven2/com/google/android/datatransport/transport-runtime/3.1.0/transport-runtime-3.1.0.aar to /home/runner/.gradle/.tmp/gradle_download1685202698153264725bin
Transforming transport-runtime-3.1.0.aar (com.google.android.datatransport:transport-runtime:3.1.0) with AarToClassTransform
Transforming transport-runtime-3.1.0.aar (com.google.android.datatransport:transport-runtime:3.1.0) with AarToClassTransform
Caching disabled for AarToClassTransform: /home/runner/.gradle/caches/modules-2/files-2.1/com.google.android.datatransport/transport-runtime/3.1.0/a3c2747096bf3f03e0282d66792f27981f4734e9/transport-runtime-3.1.0.aar because:
  Build cache is disabled
Transforming transport-runtime-3.1.0.aar (com.google.android.datatransport:transport-runtime:3.1.0) with EnumerateClassesTransform
Transforming transport-runtime-3.1.0.aar (com.google.android.datatransport:transport-runtime:3.1.0) with EnumerateClassesTransform
Caching disabled for EnumerateClassesTransform: /home/runner/.gradle/caches/transforms-4/f2ad262ab25d533c8064488f58ce1e40/transformed/transport-runtime-3.1.0-runtime.jar because:
  Build cache is disabled
Transforming transport-runtime-3.1.0.aar (com.google.android.datatransport:transport-runtime:3.1.0) with AarToClassTransform
Transforming transport-runtime-3.1.0.aar (com.google.android.datatransport:transport-runtime:3.1.0) with EnumerateClassesTransform
Downloading https://dl.google.com/dl/android/maven2/com/google/android/datatransport/transport-api/3.0.0/transport-api-3.0.0.aar to /home/runner/.gradle/.tmp/gradle_download3440817536585303431bin
Transforming transport-api-3.0.0.aar (com.google.android.datatransport:transport-api:3.0.0) with AarToClassTransform
Transforming transport-api-3.0.0.aar (com.google.android.datatransport:transport-api:3.0.0) with AarToClassTransform
Caching disabled for AarToClassTransform: /home/runner/.gradle/caches/modules-2/files-2.1/com.google.android.datatransport/transport-api/3.0.0/7421bab19ed712c5592694e807ba72ccf39d42d4/transport-api-3.0.0.aar because:
  Build cache is disabled
Transforming transport-api-3.0.0.aar (com.google.android.datatransport:transport-api:3.0.0) with EnumerateClassesTransform
Transforming transport-api-3.0.0.aar (com.google.android.datatransport:transport-api:3.0.0) with EnumerateClassesTransform
Transforming tasks-core-0.10.14.aar (com.google.mediapipe:tasks-core:0.10.14) with AarToClassTransform
Caching disabled for EnumerateClassesTransform: /home/runner/.gradle/caches/transforms-4/9812950f8a6e780b14860ef214c104a3/transformed/transport-api-3.0.0-runtime.jar because:
  Build cache is disabled
Caching disabled for AarToClassTransform: /home/runner/.gradle/caches/modules-2/files-2.1/com.google.mediapipe/tasks-core/0.10.14/a138685744c75ed5f6494e42c0e5ca81c7280846/tasks-core-0.10.14.aar because:
  Build cache is disabled
Transforming transport-api-3.0.0.aar (com.google.android.datatransport:transport-api:3.0.0) with AarToClassTransform
Transforming transport-api-3.0.0.aar (com.google.android.datatransport:transport-api:3.0.0) with EnumerateClassesTransform
Downloading https://dl.google.com/dl/android/maven2/androidx/startup/startup-runtime/1.1.1/startup-runtime-1.1.1.aar to /home/runner/.gradle/.tmp/gradle_download5859773846785930722bin
Transforming startup-runtime-1.1.1.aar (androidx.startup:startup-runtime:1.1.1) with AarToClassTransform
Caching disabled for AarToClassTransform: /home/runner/.gradle/caches/modules-2/files-2.1/androidx.startup/startup-runtime/1.1.1/9d4ba67056aff98b69eadc1477c19a1e67cb9470/startup-runtime-1.1.1.aar because:
  Build cache is disabled
Downloading https://dl.google.com/dl/android/maven2/androidx/concurrent/concurrent-futures/1.1.0/concurrent-futures-1.1.0.jar to /home/runner/.gradle/.tmp/gradle_download18035759118175407850bin
Transforming concurrent-futures-1.1.0.jar (androidx.concurrent:concurrent-futures:1.1.0) with IdentityTransform
Transforming startup-runtime-1.1.1.aar (androidx.startup:startup-runtime:1.1.1) with EnumerateClassesTransform
Caching disabled for IdentityTransform: /home/runner/.gradle/caches/modules-2/files-2.1/androidx.concurrent/concurrent-futures/1.1.0/50b7fb98350d5f42a4e49704b03278542293ba48/concurrent-futures-1.1.0.jar because:
  Build cache is disabled
Caching disabled for EnumerateClassesTransform: /home/runner/.gradle/caches/transforms-4/bbf272be919d7576b698aa789e128436/transformed/startup-runtime-1.1.1-runtime.jar because:
  Build cache is disabled
Transforming concurrent-futures-1.1.0.jar (androidx.concurrent:concurrent-futures:1.1.0) with EnumerateClassesTransform
Caching disabled for EnumerateClassesTransform: /home/runner/.gradle/caches/modules-2/files-2.1/androidx.concurrent/concurrent-futures/1.1.0/50b7fb98350d5f42a4e49704b03278542293ba48/concurrent-futures-1.1.0.jar because:
  Build cache is disabled
Downloading https://dl.google.com/dl/android/maven2/androidx/tracing/tracing/1.0.0/tracing-1.0.0.aar to /home/runner/.gradle/.tmp/gradle_download11360116089179593723bin
Transforming tracing-1.0.0.aar (androidx.tracing:tracing:1.0.0) with AarToClassTransform
Caching disabled for AarToClassTransform: /home/runner/.gradle/caches/modules-2/files-2.1/androidx.tracing/tracing/1.0.0/69cef34711dffbc517e7a0a419ec4a98f84f496a/tracing-1.0.0.aar because:
  Build cache is disabled
Transforming tracing-1.0.0.aar (androidx.tracing:tracing:1.0.0) with EnumerateClassesTransform
Caching disabled for EnumerateClassesTransform: /home/runner/.gradle/caches/transforms-4/973a2258554b7791876c690699a4774c/transformed/tracing-1.0.0-runtime.jar because:
  Build cache is disabled
Downloading https://dl.google.com/dl/android/maven2/com/google/firebase/firebase-encoders-json/18.0.0/firebase-encoders-json-18.0.0.aar to /home/runner/.gradle/.tmp/gradle_download6329908182884256716bin
Transforming firebase-encoders-json-18.0.0.aar (com.google.firebase:firebase-encoders-json:18.0.0) with AarToClassTransform
Transforming firebase-encoders-json-18.0.0.aar (com.google.firebase:firebase-encoders-json:18.0.0) with AarToClassTransform
Transforming tasks-core-0.10.14.aar (com.google.mediapipe:tasks-core:0.10.14) with EnumerateClassesTransform
Caching disabled for AarToClassTransform: /home/runner/.gradle/caches/modules-2/files-2.1/com.google.firebase/firebase-encoders-json/18.0.0/96bb325983a231881f1e195ed9d713189f421dea/firebase-encoders-json-18.0.0.aar because:
  Build cache is disabled
Transforming firebase-encoders-json-18.0.0.aar (com.google.firebase:firebase-encoders-json:18.0.0) with EnumerateClassesTransform
Transforming firebase-encoders-json-18.0.0.aar (com.google.firebase:firebase-encoders-json:18.0.0) with EnumerateClassesTransform
Caching disabled for EnumerateClassesTransform: /home/runner/.gradle/caches/transforms-4/6e35c4b7de818bad61a587bb172a7601/transformed/firebase-encoders-json-18.0.0-runtime.jar because:
  Build cache is disabled
Caching disabled for EnumerateClassesTransform: /home/runner/.gradle/caches/transforms-4/149fde14bb423982bd49369fb0bee01c/transformed/tasks-core-0.10.14-runtime.jar because:
  Build cache is disabled
Downloading https://dl.google.com/dl/android/maven2/com/google/firebase/firebase-encoders-proto/16.0.0/firebase-encoders-proto-16.0.0.jar to /home/runner/.gradle/.tmp/gradle_download3249240655377610739bin
Downloading https://dl.google.com/dl/android/maven2/com/google/firebase/firebase-encoders/17.0.0/firebase-encoders-17.0.0.jar to /home/runner/.gradle/.tmp/gradle_download1488142764988915602bin
Transforming firebase-encoders-17.0.0.jar (com.google.firebase:firebase-encoders:17.0.0) with IdentityTransform
Caching disabled for IdentityTransform: /home/runner/.gradle/caches/modules-2/files-2.1/com.google.firebase/firebase-encoders/17.0.0/26f52dc549c42575b155f8c720e84059ee600a85/firebase-encoders-17.0.0.jar because:
  Build cache is disabled
Transforming firebase-encoders-proto-16.0.0.jar (com.google.firebase:firebase-encoders-proto:16.0.0) with IdentityTransform
Transforming firebase-encoders-17.0.0.jar (com.google.firebase:firebase-encoders:17.0.0) with EnumerateClassesTransform
Caching disabled for IdentityTransform: /home/runner/.gradle/caches/modules-2/files-2.1/com.google.firebase/firebase-encoders-proto/16.0.0/a42d5fd83b96ae7b73a8617d29c94703e18c9992/firebase-encoders-proto-16.0.0.jar because:
  Build cache is disabled
Caching disabled for EnumerateClassesTransform: /home/runner/.gradle/caches/modules-2/files-2.1/com.google.firebase/firebase-encoders/17.0.0/26f52dc549c42575b155f8c720e84059ee600a85/firebase-encoders-17.0.0.jar because:
  Build cache is disabled
Transforming firebase-encoders-proto-16.0.0.jar (com.google.firebase:firebase-encoders-proto:16.0.0) with EnumerateClassesTransform
Caching disabled for EnumerateClassesTransform: /home/runner/.gradle/caches/modules-2/files-2.1/com.google.firebase/firebase-encoders-proto/16.0.0/a42d5fd83b96ae7b73a8617d29c94703e18c9992/firebase-encoders-proto-16.0.0.jar because:
  Build cache is disabled
Downloading https://dl.google.com/dl/android/maven2/androidx/cursoradapter/cursoradapter/1.0.0/cursoradapter-1.0.0.aar to /home/runner/.gradle/.tmp/gradle_download2595184796955421540bin
Downloading https://dl.google.com/dl/android/maven2/androidx/annotation/annotation-jvm/1.7.0/annotation-jvm-1.7.0.jar to /home/runner/.gradle/.tmp/gradle_download10922913874108979202bin
Transforming cursoradapter-1.0.0.aar (androidx.cursoradapter:cursoradapter:1.0.0) with AarToClassTransform
Caching disabled for AarToClassTransform: /home/runner/.gradle/caches/modules-2/files-2.1/androidx.cursoradapter/cursoradapter/1.0.0/74014983a86b83cbce534dec4e7aa9312f5f5d82/cursoradapter-1.0.0.aar because:
  Build cache is disabled
Transforming annotation-jvm-1.7.0.jar (androidx.annotation:annotation-jvm:1.7.0) with IdentityTransform
Caching disabled for IdentityTransform: /home/runner/.gradle/caches/modules-2/files-2.1/androidx.annotation/annotation-jvm/1.7.0/920472d40adcdef5e18708976b3e314f9a636fcd/annotation-jvm-1.7.0.jar because:
  Build cache is disabled
Transforming annotation-jvm-1.7.0.jar (androidx.annotation:annotation-jvm:1.7.0) with EnumerateClassesTransform
Transforming cursoradapter-1.0.0.aar (androidx.cursoradapter:cursoradapter:1.0.0) with EnumerateClassesTransform
Caching disabled for EnumerateClassesTransform: /home/runner/.gradle/caches/transforms-4/bed71dd4c3077c4521fc249c95b4d5b6/transformed/cursoradapter-1.0.0-runtime.jar because:
  Build cache is disabled
Caching disabled for EnumerateClassesTransform: /home/runner/.gradle/caches/modules-2/files-2.1/androidx.annotation/annotation-jvm/1.7.0/920472d40adcdef5e18708976b3e314f9a636fcd/annotation-jvm-1.7.0.jar because:
  Build cache is disabled
Downloading https://dl.google.com/dl/android/maven2/androidx/resourceinspection/resourceinspection-annotation/1.0.1/resourceinspection-annotation-1.0.1.jar to /home/runner/.gradle/.tmp/gradle_download2456702944218699517bin
Transforming resourceinspection-annotation-1.0.1.jar (androidx.resourceinspection:resourceinspection-annotation:1.0.1) with IdentityTransform
Caching disabled for IdentityTransform: /home/runner/.gradle/caches/modules-2/files-2.1/androidx.resourceinspection/resourceinspection-annotation/1.0.1/8c21f8ff5d96d5d52c948707f7e4d6ca6773feef/resourceinspection-annotation-1.0.1.jar because:
  Build cache is disabled
Transforming resourceinspection-annotation-1.0.1.jar (androidx.resourceinspection:resourceinspection-annotation:1.0.1) with EnumerateClassesTransform
Caching disabled for EnumerateClassesTransform: /home/runner/.gradle/caches/modules-2/files-2.1/androidx.resourceinspection/resourceinspection-annotation/1.0.1/8c21f8ff5d96d5d52c948707f7e4d6ca6773feef/resourceinspection-annotation-1.0.1.jar because:
  Build cache is disabled
Downloading https://repo.maven.apache.org/maven2/com/google/guava/guava/32.1.2-android/guava-32.1.2-android.jar to /home/runner/.gradle/.tmp/gradle_download17244048524090457440bin
Downloading https://repo.maven.apache.org/maven2/org/jetbrains/kotlin/kotlin-stdlib/1.9.22/kotlin-stdlib-1.9.22.jar to /home/runner/.gradle/.tmp/gradle_download13961131955154605555bin
Downloading https://repo.maven.apache.org/maven2/org/lsposed/hiddenapibypass/hiddenapibypass/4.3/hiddenapibypass-4.3.aar to /home/runner/.gradle/.tmp/gradle_download11406667638065307501bin
Transforming kotlin-stdlib-1.9.22.jar (org.jetbrains.kotlin:kotlin-stdlib:1.9.22) with IdentityTransform
Transforming hiddenapibypass-4.3.aar (org.lsposed.hiddenapibypass:hiddenapibypass:4.3) with AarToClassTransform
Caching disabled for IdentityTransform: /home/runner/.gradle/caches/modules-2/files-2.1/org.jetbrains.kotlin/kotlin-stdlib/1.9.22/d6c44cd08d8f3f9bece8101216dbe6553365c6e3/kotlin-stdlib-1.9.22.jar because:
  Build cache is disabled
Transforming kotlin-stdlib-1.9.22.jar (org.jetbrains.kotlin:kotlin-stdlib:1.9.22) with EnumerateClassesTransform
Caching disabled for AarToClassTransform: /home/runner/.gradle/caches/modules-2/files-2.1/org.lsposed.hiddenapibypass/hiddenapibypass/4.3/8c2668b4361098fec73c9428269baa0bbbdb51f4/hiddenapibypass-4.3.aar because:
  Build cache is disabled
Transforming hiddenapibypass-4.3.aar (org.lsposed.hiddenapibypass:hiddenapibypass:4.3) with EnumerateClassesTransform
Caching disabled for EnumerateClassesTransform: /home/runner/.gradle/caches/transforms-4/a399ea86c17ae9df3dd228b1e621ae65/transformed/hiddenapibypass-4.3-runtime.jar because:
  Build cache is disabled
Transforming guava-32.1.2-android.jar (com.google.guava:guava:32.1.2-android) with IdentityTransform
Caching disabled for IdentityTransform: /home/runner/.gradle/caches/modules-2/files-2.1/com.google.guava/guava/32.1.2-android/9184f7cfbb5217ce015e7de914561399db32e6e0/guava-32.1.2-android.jar because:
  Build cache is disabled
Transforming guava-32.1.2-android.jar (com.google.guava:guava:32.1.2-android) with EnumerateClassesTransform
Caching disabled for EnumerateClassesTransform: /home/runner/.gradle/caches/modules-2/files-2.1/org.jetbrains.kotlin/kotlin-stdlib/1.9.22/d6c44cd08d8f3f9bece8101216dbe6553365c6e3/kotlin-stdlib-1.9.22.jar because:
  Build cache is disabled
Downloading https://repo.maven.apache.org/maven2/com/microsoft/onnxruntime/onnxruntime-android/1.17.0/onnxruntime-android-1.17.0.aar to /home/runner/.gradle/.tmp/gradle_download9811341907550941492bin
Downloading https://mvn.0110.be/releases/be/tarsos/dsp/core/2.5/core-2.5.jar to /home/runner/.gradle/.tmp/gradle_download1205340424037046245bin
Caching disabled for EnumerateClassesTransform: /home/runner/.gradle/caches/modules-2/files-2.1/com.google.guava/guava/32.1.2-android/9184f7cfbb5217ce015e7de914561399db32e6e0/guava-32.1.2-android.jar because:
  Build cache is disabled
Transforming tasks-vision-0.10.14.aar (com.google.mediapipe:tasks-vision:0.10.14) with AarToClassTransform
Downloading https://repo.maven.apache.org/maven2/io/github/webrtc-sdk/android/144.7559.09/android-144.7559.09.aar to /home/runner/.gradle/.tmp/gradle_download2712127230678953597bin
Caching disabled for AarToClassTransform: /home/runner/.gradle/caches/modules-2/files-2.1/com.google.mediapipe/tasks-vision/0.10.14/4205d9c664e92183bf176d9f202fc6a65f04f28b/tasks-vision-0.10.14.aar because:
  Build cache is disabled
Transforming tasks-vision-0.10.14.aar (com.google.mediapipe:tasks-vision:0.10.14) with EnumerateClassesTransform
Caching disabled for EnumerateClassesTransform: /home/runner/.gradle/caches/transforms-4/7c58956859694b38e911bdd3b2cc3eb8/transformed/tasks-vision-0.10.14-runtime.jar because:
  Build cache is disabled
Transforming onnxruntime-android-1.17.0.aar (com.microsoft.onnxruntime:onnxruntime-android:1.17.0) with AarToClassTransform
Downloading https://repo.maven.apache.org/maven2/org/nanohttpd/nanohttpd/2.3.1/nanohttpd-2.3.1.jar to /home/runner/.gradle/.tmp/gradle_download4412172428074162967bin
Transforming nanohttpd-2.3.1.jar (org.nanohttpd:nanohttpd:2.3.1) with IdentityTransform
Caching disabled for IdentityTransform: /home/runner/.gradle/caches/modules-2/files-2.1/org.nanohttpd/nanohttpd/2.3.1/a8d54d1ca554a77f377eff6bf9e16ca8383c8f6c/nanohttpd-2.3.1.jar because:
  Build cache is disabled
Caching disabled for AarToClassTransform: /home/runner/.gradle/caches/modules-2/files-2.1/com.microsoft.onnxruntime/onnxruntime-android/1.17.0/38c6d9d3564d9b3dbc4b54ab958777afd5acb2f9/onnxruntime-android-1.17.0.aar because:
  Build cache is disabled
Transforming nanohttpd-2.3.1.jar (org.nanohttpd:nanohttpd:2.3.1) with EnumerateClassesTransform
Caching disabled for EnumerateClassesTransform: /home/runner/.gradle/caches/modules-2/files-2.1/org.nanohttpd/nanohttpd/2.3.1/a8d54d1ca554a77f377eff6bf9e16ca8383c8f6c/nanohttpd-2.3.1.jar because:
  Build cache is disabled
Transforming onnxruntime-android-1.17.0.aar (com.microsoft.onnxruntime:onnxruntime-android:1.17.0) with EnumerateClassesTransform
Caching disabled for EnumerateClassesTransform: /home/runner/.gradle/caches/transforms-4/13a3188d5cd1605414564be864901332/transformed/onnxruntime-android-1.17.0-runtime.jar because:
  Build cache is disabled
Downloading https://repo.maven.apache.org/maven2/org/jetbrains/annotations/23.0.0/annotations-23.0.0.jar to /home/runner/.gradle/.tmp/gradle_download11911866736237575190bin
Transforming annotations-23.0.0.jar (org.jetbrains:annotations:23.0.0) with IdentityTransform
Caching disabled for IdentityTransform: /home/runner/.gradle/caches/modules-2/files-2.1/org.jetbrains/annotations/23.0.0/8cc20c07506ec18e0834947b84a864bfc094484e/annotations-23.0.0.jar because:
  Build cache is disabled
Transforming annotations-23.0.0.jar (org.jetbrains:annotations:23.0.0) with EnumerateClassesTransform
Caching disabled for EnumerateClassesTransform: /home/runner/.gradle/caches/modules-2/files-2.1/org.jetbrains/annotations/23.0.0/8cc20c07506ec18e0834947b84a864bfc094484e/annotations-23.0.0.jar because:
  Build cache is disabled
Caching disabled for IdentityTransform: /home/runner/.gradle/caches/modules-2/files-2.1/com.google.guava/listenablefuture/9999.0-empty-to-avoid-conflict-with-guava/b421526c5f297295adef1c886e5246c39d4ac629/listenablefuture-9999.0-empty-to-avoid-conflict-with-guava.jar because:
  Build cache is disabled
Transforming listenablefuture-9999.0-empty-to-avoid-conflict-with-guava.jar (com.google.guava:listenablefuture:9999.0-empty-to-avoid-conflict-with-guava) with EnumerateClassesTransform
Downloading https://repo.maven.apache.org/maven2/com/google/auto/value/auto-value-annotations/1.8.1/auto-value-annotations-1.8.1.jar to /home/runner/.gradle/.tmp/gradle_download1127278167885920518bin
Caching disabled for EnumerateClassesTransform: /home/runner/.gradle/caches/modules-2/files-2.1/com.google.guava/listenablefuture/9999.0-empty-to-avoid-conflict-with-guava/b421526c5f297295adef1c886e5246c39d4ac629/listenablefuture-9999.0-empty-to-avoid-conflict-with-guava.jar because:
  Build cache is disabled
Caching disabled for IdentityTransform: /home/runner/.gradle/caches/modules-2/files-2.1/com.google.guava/failureaccess/1.0.1/1dcf1de382a0bf95a3d8b0849546c88bac1292c9/failureaccess-1.0.1.jar because:
  Build cache is disabled
Transforming auto-value-annotations-1.8.1.jar (com.google.auto.value:auto-value-annotations:1.8.1) with IdentityTransform
Caching disabled for IdentityTransform: /home/runner/.gradle/caches/modules-2/files-2.1/com.google.auto.value/auto-value-annotations/1.8.1/174878f9cc9cbacb8b464d774afb2ccf938f257b/auto-value-annotations-1.8.1.jar because:
  Build cache is disabled
Transforming failureaccess-1.0.1.jar (com.google.guava:failureaccess:1.0.1) with EnumerateClassesTransform
Caching disabled for EnumerateClassesTransform: /home/runner/.gradle/caches/modules-2/files-2.1/com.google.guava/failureaccess/1.0.1/1dcf1de382a0bf95a3d8b0849546c88bac1292c9/failureaccess-1.0.1.jar because:
  Build cache is disabled
Transforming auto-value-annotations-1.8.1.jar (com.google.auto.value:auto-value-annotations:1.8.1) with EnumerateClassesTransform
Caching disabled for IdentityTransform: /home/runner/.gradle/caches/modules-2/files-2.1/com.google.code.findbugs/jsr305/3.0.2/25ea2e8b0c338a877313bd4672d3fe056ea78f0d/jsr305-3.0.2.jar because:
  Build cache is disabled
Caching disabled for EnumerateClassesTransform: /home/runner/.gradle/caches/modules-2/files-2.1/com.google.auto.value/auto-value-annotations/1.8.1/174878f9cc9cbacb8b464d774afb2ccf938f257b/auto-value-annotations-1.8.1.jar because:
  Build cache is disabled
Transforming jsr305-3.0.2.jar (com.google.code.findbugs:jsr305:3.0.2) with EnumerateClassesTransform
Caching disabled for EnumerateClassesTransform: /home/runner/.gradle/caches/modules-2/files-2.1/com.google.code.findbugs/jsr305/3.0.2/25ea2e8b0c338a877313bd4672d3fe056ea78f0d/jsr305-3.0.2.jar because:
  Build cache is disabled
Downloading https://repo.maven.apache.org/maven2/com/google/errorprone/error_prone_annotations/2.18.0/error_prone_annotations-2.18.0.jar to /home/runner/.gradle/.tmp/gradle_download15023670827504754242bin
Downloading https://repo.maven.apache.org/maven2/org/checkerframework/checker-qual/3.33.0/checker-qual-3.33.0.jar to /home/runner/.gradle/.tmp/gradle_download7302419362170725342bin
Transforming error_prone_annotations-2.18.0.jar (com.google.errorprone:error_prone_annotations:2.18.0) with IdentityTransform
Caching disabled for IdentityTransform: /home/runner/.gradle/caches/modules-2/files-2.1/com.google.errorprone/error_prone_annotations/2.18.0/89b684257096f548fa39a7df9fdaa409d4d4df91/error_prone_annotations-2.18.0.jar because:
  Build cache is disabled
Transforming android-144.7559.09.aar (io.github.webrtc-sdk:android:144.7559.09) with AarToClassTransform
Transforming checker-qual-3.33.0.jar (org.checkerframework:checker-qual:3.33.0) with IdentityTransform
Caching disabled for IdentityTransform: /home/runner/.gradle/caches/modules-2/files-2.1/org.checkerframework/checker-qual/3.33.0/de2b60b62da487644fc11f734e73c8b0b431238f/checker-qual-3.33.0.jar because:
  Build cache is disabled
Transforming checker-qual-3.33.0.jar (org.checkerframework:checker-qual:3.33.0) with EnumerateClassesTransform
Caching disabled for EnumerateClassesTransform: /home/runner/.gradle/caches/modules-2/files-2.1/org.checkerframework/checker-qual/3.33.0/de2b60b62da487644fc11f734e73c8b0b431238f/checker-qual-3.33.0.jar because:
  Build cache is disabled
Downloading https://repo.maven.apache.org/maven2/com/google/auto/value/auto-value/1.8.1/auto-value-1.8.1.jar to /home/runner/.gradle/.tmp/gradle_download9039633280554489930bin
Transforming auto-value-1.8.1.jar (com.google.auto.value:auto-value:1.8.1) with IdentityTransform
Caching disabled for IdentityTransform: /home/runner/.gradle/caches/modules-2/files-2.1/com.google.auto.value/auto-value/1.8.1/aacb85fe6fd2a7e6619448efcde89360bda701e9/auto-value-1.8.1.jar because:
  Build cache is disabled
Transforming auto-value-1.8.1.jar (com.google.auto.value:auto-value:1.8.1) with EnumerateClassesTransform
Transforming core-2.5.jar (be.tarsos.dsp:core:2.5) with IdentityTransform
Caching disabled for IdentityTransform: /home/runner/.gradle/caches/modules-2/files-2.1/be.tarsos.dsp/core/2.5/35246e4a6fdc4975ea8cf30363ba51946d33d988/core-2.5.jar because:
  Build cache is disabled
Caching disabled for AarToClassTransform: /home/runner/.gradle/caches/modules-2/files-2.1/io.github.webrtc-sdk/android/144.7559.09/29506fc2289b6356a9c0002baeee697b12e008d/android-144.7559.09.aar because:
  Build cache is disabled
Transforming error_prone_annotations-2.18.0.jar (com.google.errorprone:error_prone_annotations:2.18.0) with EnumerateClassesTransform
Transforming core-2.5.jar (be.tarsos.dsp:core:2.5) with EnumerateClassesTransform
Caching disabled for EnumerateClassesTransform: /home/runner/.gradle/caches/modules-2/files-2.1/com.google.errorprone/error_prone_annotations/2.18.0/89b684257096f548fa39a7df9fdaa409d4d4df91/error_prone_annotations-2.18.0.jar because:
  Build cache is disabled
Caching disabled for EnumerateClassesTransform: /home/runner/.gradle/caches/modules-2/files-2.1/be.tarsos.dsp/core/2.5/35246e4a6fdc4975ea8cf30363ba51946d33d988/core-2.5.jar because:
  Build cache is disabled
Transforming android-144.7559.09.aar (io.github.webrtc-sdk:android:144.7559.09) with EnumerateClassesTransform
Caching disabled for EnumerateClassesTransform: /home/runner/.gradle/caches/modules-2/files-2.1/com.google.auto.value/auto-value/1.8.1/aacb85fe6fd2a7e6619448efcde89360bda701e9/auto-value-1.8.1.jar because:
  Build cache is disabled
Caching disabled for EnumerateClassesTransform: /home/runner/.gradle/caches/transforms-4/a28607942c0bda62f9fa37b6c94db8ff/transformed/android-144.7559.09-runtime.jar because:
  Build cache is disabled
Downloading https://dl.google.com/dl/android/maven2/com/google/android/odml/image/1.0.0-beta1/image-1.0.0-beta1.aar to /home/runner/.gradle/.tmp/gradle_download10686729280814319139bin
Transforming image-1.0.0-beta1.aar (com.google.android.odml:image:1.0.0-beta1) with AarToClassTransform
Caching disabled for AarToClassTransform: /home/runner/.gradle/caches/modules-2/files-2.1/com.google.android.odml/image/1.0.0-beta1/a508729dbdb2a0d27728b0ef42223bba53013d1c/image-1.0.0-beta1.aar because:
  Build cache is disabled
Transforming image-1.0.0-beta1.aar (com.google.android.odml:image:1.0.0-beta1) with AarToClassTransform
Transforming image-1.0.0-beta1.aar (com.google.android.odml:image:1.0.0-beta1) with AarToClassTransform
Transforming image-1.0.0-beta1.aar (com.google.android.odml:image:1.0.0-beta1) with AarToClassTransform
Transforming image-1.0.0-beta1.aar (com.google.android.odml:image:1.0.0-beta1) with EnumerateClassesTransform
Transforming image-1.0.0-beta1.aar (com.google.android.odml:image:1.0.0-beta1) with EnumerateClassesTransform
Transforming image-1.0.0-beta1.aar (com.google.android.odml:image:1.0.0-beta1) with EnumerateClassesTransform
Transforming image-1.0.0-beta1.aar (com.google.android.odml:image:1.0.0-beta1) with EnumerateClassesTransform
Caching disabled for EnumerateClassesTransform: /home/runner/.gradle/caches/transforms-4/79a5362faa251fe5a8337d6d325d508f/transformed/image-1.0.0-beta1-runtime.jar because:
  Build cache is disabled
Downloading https://dl.google.com/dl/android/maven2/com/google/firebase/firebase-annotations/16.0.0/firebase-annotations-16.0.0.jar to /home/runner/.gradle/.tmp/gradle_download634940332680608040bin
Downloading https://repo.maven.apache.org/maven2/com/google/protobuf/protobuf-javalite/4.26.1/protobuf-javalite-4.26.1.jar to /home/runner/.gradle/.tmp/gradle_download17899822480435445742bin
Transforming firebase-annotations-16.0.0.jar (com.google.firebase:firebase-annotations:16.0.0) with IdentityTransform
Caching disabled for IdentityTransform: /home/runner/.gradle/caches/modules-2/files-2.1/com.google.firebase/firebase-annotations/16.0.0/dbeae20d6c97b747b59ef47b6dcf770ba1a60fa6/firebase-annotations-16.0.0.jar because:
  Build cache is disabled
Downloading https://repo.maven.apache.org/maven2/com/google/flogger/flogger/0.6/flogger-0.6.jar to /home/runner/.gradle/.tmp/gradle_download11435037170272636977bin
Transforming firebase-annotations-16.0.0.jar (com.google.firebase:firebase-annotations:16.0.0) with EnumerateClassesTransform
Caching disabled for EnumerateClassesTransform: /home/runner/.gradle/caches/modules-2/files-2.1/com.google.firebase/firebase-annotations/16.0.0/dbeae20d6c97b747b59ef47b6dcf770ba1a60fa6/firebase-annotations-16.0.0.jar because:
  Build cache is disabled
Transforming protobuf-javalite-4.26.1.jar (com.google.protobuf:protobuf-javalite:4.26.1) with IdentityTransform
Transforming flogger-0.6.jar (com.google.flogger:flogger:0.6) with IdentityTransform
Caching disabled for IdentityTransform: /home/runner/.gradle/caches/modules-2/files-2.1/com.google.protobuf/protobuf-javalite/4.26.1/1b5e9b46148ff7866d0faf00b4dbcfc092c83a4e/protobuf-javalite-4.26.1.jar because:
  Build cache is disabled
Downloading https://repo.maven.apache.org/maven2/com/google/flogger/flogger-system-backend/0.6/flogger-system-backend-0.6.jar to /home/runner/.gradle/.tmp/gradle_download5222985661914015802bin
Caching disabled for IdentityTransform: /home/runner/.gradle/caches/modules-2/files-2.1/com.google.flogger/flogger/0.6/155dc6e303a58f7bbff5d2cd1a259de86827f4fe/flogger-0.6.jar because:
  Build cache is disabled
Caching disabled for IdentityTransform: /home/runner/.gradle/caches/modules-2/files-2.1/javax.inject/javax.inject/1/6975da39a7040257bd51d21a231b76c915872d38/javax.inject-1.jar because:
  Build cache is disabled
Transforming flogger-system-backend-0.6.jar (com.google.flogger:flogger-system-backend:0.6) with IdentityTransform
Transforming protobuf-javalite-4.26.1.jar (com.google.protobuf:protobuf-javalite:4.26.1) with EnumerateClassesTransform
Caching disabled for IdentityTransform: /home/runner/.gradle/caches/modules-2/files-2.1/com.google.flogger/flogger-system-backend/0.6/f0ccf8923c6c315f2f57b108bcc6e46ccd88777/flogger-system-backend-0.6.jar because:
  Build cache is disabled
Transforming javax.inject-1.jar (javax.inject:javax.inject:1) with EnumerateClassesTransform
Transforming flogger-0.6.jar (com.google.flogger:flogger:0.6) with EnumerateClassesTransform
Caching disabled for EnumerateClassesTransform: /home/runner/.gradle/caches/modules-2/files-2.1/javax.inject/javax.inject/1/6975da39a7040257bd51d21a231b76c915872d38/javax.inject-1.jar because:
  Build cache is disabled
Transforming flogger-system-backend-0.6.jar (com.google.flogger:flogger-system-backend:0.6) with EnumerateClassesTransform
Caching disabled for EnumerateClassesTransform: /home/runner/.gradle/caches/modules-2/files-2.1/com.google.flogger/flogger-system-backend/0.6/f0ccf8923c6c315f2f57b108bcc6e46ccd88777/flogger-system-backend-0.6.jar because:
  Build cache is disabled
Caching disabled for EnumerateClassesTransform: /home/runner/.gradle/caches/modules-2/files-2.1/com.google.flogger/flogger/0.6/155dc6e303a58f7bbff5d2cd1a259de86827f4fe/flogger-0.6.jar because:
  Build cache is disabled
Caching disabled for EnumerateClassesTransform: /home/runner/.gradle/caches/modules-2/files-2.1/com.google.protobuf/protobuf-javalite/4.26.1/1b5e9b46148ff7866d0faf00b4dbcfc092c83a4e/protobuf-javalite-4.26.1.jar because:
  Build cache is disabled
Downloading https://repo.maven.apache.org/maven2/org/checkerframework/checker-compat-qual/2.5.3/checker-compat-qual-2.5.3.jar to /home/runner/.gradle/.tmp/gradle_download12167499311027234644bin
Transforming checker-compat-qual-2.5.3.jar (org.checkerframework:checker-compat-qual:2.5.3) with IdentityTransform
Caching disabled for IdentityTransform: /home/runner/.gradle/caches/modules-2/files-2.1/org.checkerframework/checker-compat-qual/2.5.3/45f92d2e0676d05ae9297269b8268f93a875d4a/checker-compat-qual-2.5.3.jar because:
  Build cache is disabled
Transforming checker-compat-qual-2.5.3.jar (org.checkerframework:checker-compat-qual:2.5.3) with EnumerateClassesTransform
Caching disabled for EnumerateClassesTransform: /home/runner/.gradle/caches/modules-2/files-2.1/org.checkerframework/checker-compat-qual/2.5.3/45f92d2e0676d05ae9297269b8268f93a875d4a/checker-compat-qual-2.5.3.jar because:
  Build cache is disabled
Transforming RootEncoder.jar with IdentityTransform
Transforming RootEncoder.jar with EnumerateClassesTransform
Caching disabled for task ':app:checkDebugDuplicateClasses' because:
  Build cache is disabled
Task ':app:checkDebugDuplicateClasses' is not up-to-date because:
  No history is available.
Transforming RootEncoder.jar with IdentityTransform
Transforming RootEncoder.jar with EnumerateClassesTransform

BUILD SUCCESSFUL in 23s
1 actionable task: 1 executed
